code_module,code_presentation,id_student,date_registration,date_unregistration
BBB,2014B,1,-51,
EEE,2014B,2,-40,
DDD,2013J,2,-56,
CCC,2014B,3,-50,
BBB,2014B,4,-39,
AAA,2014B,4,-43,
DDD,2014B,5,-27,149.0
AAA,2014B,5,-44,
EEE,2014B,6,-16,
BBB,2013J,7,-50,
BBB,2014B,8,-49,
EEE,2013J,8,-34,
AAA,2013J,9,-15,
CCC,2013J,9,-10,
BBB,2014B,10,-55,
AAA,2013J,10,-25,
BBB,2013J,11,-57,
CCC,2013J,11,-13,
AAA,2013J,12,-38,
CCC,2014B,13,-47,
CCC,2013J,14,-56,
BBB,2014B,14,-37,
BBB,2014B,15,-31,
BBB,2013J,16,-17,72.0
AAA,2013J,16,-41,
CCC,2014B,17,-42,
EEE,2014B,17,-22,
AAA,2014B,18,-36,
AAA,2013J,19,-27,
DDD,2014B,19,-27,
CCC,2014B,20,-22,
CCC,2013J,21,-31,
AAA,2014B,21,-23,
EEE,2014B,22,-20,
DDD,2014B,22,-48,
EEE,2014B,23,-59,
CCC,2013J,23,-31,
AAA,2013J,24,-45,
BBB,2013J,25,-26,
AAA,2014B,26,-41,23.0
CCC,2014B,26,-51,
EEE,2014B,27,-38,
CCC,2013J,28,-15,
EEE,2014B,29,-59,
AAA,2013J,29,-13,148.0
AAA,2013J,30,-54,
DDD,2013J,31,-49,
EEE,2013J,32,-19,
DDD,2014B,32,-37,20.0
CCC,2013J,33,-44,
CCC,2013J,34,-24,17.0
CCC,2014B,35,-29,123.0
BBB,2014B,35,-30,
DDD,2013J,36,-10,
CCC,2014B,37,-38,
DDD,2013J,37,-33,167.0
DDD,2013J,38,-49,
BBB,2014B,39,-44,
EEE,2014B,40,-42,
AAA,2014B,41,-29,
EEE,2013J,42,-25,
BBB,2013J,43,-18,154.0
AAA,2013J,43,-40,
CCC,2014B,44,-57,
BBB,2014B,44,-32,167.0
AAA,2014B,45,-16,
EEE,2014B,46,-57,
BBB,2014B,47,-49,
CCC,2014B,47,-51,
BBB,2014B,48,-55,
AAA,2014B,48,-20,
AAA,2013J,49,-43,
BBB,2014B,49,-21,
DDD,2014B,50,-54,
AAA,2014B,50,-56,
DDD,2013J,51,-36,
CCC,2013J,52,-21,
BBB,2014B,52,-22,
BBB,2013J,53,-17,
EEE,2013J,54,-25,
EEE,2014B,55,-38,
BBB,2014B,56,-44,
AAA,2013J,56,-38,
EEE,2014B,57,-40,
DDD,2013J,58,-22,85.0
BBB,2013J,59,-11,
AAA,2013J,60,-42,
CCC,2013J,61,-17,
EEE,2013J,62,-50,
BBB,2013J,62,-49,
EEE,2013J,63,-58,
CCC,2014B,63,-50,
DDD,2014B,64,-41,47.0
EEE,2013J,65,-37,
BBB,2013J,65,-24,
AAA,2014B,66,-32,
BBB,2013J,66,-33,
BBB,2014B,67,-22,
DDD,2014B,67,-30,
EEE,2014B,68,-21,
BBB,2014B,68,-22,
AAA,2013J,69,-48,
CCC,2014B,70,-32,
BBB,2014B,70,-59,
DDD,2014B,71,-55,
EEE,2014B,72,-52,
CCC,2013J,73,-37,
DDD,2013J,74,-23,
EEE,2013J,75,-26,
CCC,2014B,76,-33,
AAA,2014B,77,-43,
BBB,2013J,77,-57,
CCC,2013J,78,-31,
EEE,2013J,79,-19,
DDD,2013J,79,-17,
DDD,2014B,80,-30,
BBB,2014B,80,-46,16.0
BBB,2013J,81,-35,
AAA,2013J,82,-22,89.0
EEE,2014B,82,-39,168.0
BBB,2014B,83,-14,
DDD,2013J,84,-41,
AAA,2013J,85,-25,
AAA,2013J,86,-56,
EEE,2014B,87,-18,159.0
BBB,2013J,87,-53,
DDD,2014B,88,-49,
DDD,2014B,89,-54,
DDD,2013J,90,-46,
AAA,2014B,91,-23,
BBB,2014B,92,-25,
AAA,2014B,92,-52,
AAA,2013J,93,-29,72.0
EEE,2013J,94,-53,
BBB,2014B,94,-24,
AAA,2014B,95,-53,146.0
DDD,2013J,95,-10,
AAA,2014B,96,-44,
DDD,2013J,97,-53,
DDD,2014B,98,-29,
AAA,2013J,98,-54,
AAA,2014B,99,-15,
CCC,2013J,99,-51,
BBB,2014B,100,-19,
DDD,2014B,100,-57,132.0
BBB,2013J,101,-42,
EEE,2014B,101,-25,109.0
BBB,2013J,102,-15,92.0
EEE,2014B,103,-40,
BBB,2013J,103,-11,27.0
AAA,2013J,104,-51,
DDD,2014B,104,-37,
DDD,2014B,105,-13,123.0
AAA,2014B,105,-25,
DDD,2014B,106,-54,
CCC,2013J,106,-56,
BBB,2014B,107,-11,
BBB,2013J,108,-45,
DDD,2014B,109,-10,
BBB,2013J,109,-48,
BBB,2014B,110,-32,
CCC,2014B,111,-35,
AAA,2014B,112,-20,
CCC,2013J,113,-51,
BBB,2013J,113,-10,
CCC,2014B,114,-20,
DDD,2013J,114,-33,
DDD,2013J,115,-19,151.0
AAA,2014B,116,-23,
EEE,2013J,116,-16,
AAA,2013J,117,-32,
DDD,2014B,117,-52,
CCC,2013J,118,-31,69.0
AAA,2014B,118,-45,
DDD,2014B,119,-36,
CCC,2013J,119,-11,
AAA,2013J,120,-48,
AAA,2014B,121,-55,28.0
BBB,2014B,121,-16,
BBB,2013J,122,-21,
AAA,2013J,122,-12,
AAA,2013J,123,-56,
DDD,2014B,124,-14,
BBB,2014B,124,-17,
AAA,2014B,125,-23,
CCC,2013J,126,-45,
BBB,2014B,126,-16,16.0
DDD,2013J,127,-59,
CCC,2014B,127,-55,
DDD,2014B,128,-41,
BBB,2013J,128,-17,
BBB,2014B,129,-21,
EEE,2014B,130,-19,
DDD,2014B,131,-23,
CCC,2014B,132,-18,
BBB,2014B,133,-47,
EEE,2014B,134,-39,
CCC,2013J,134,-14,
CCC,2013J,135,-10,
DDD,2014B,136,-10,
AAA,2014B,136,-29,
DDD,2014B,137,-58,
BBB,2014B,138,-20,
CCC,2014B,138,-35,
DDD,2014B,139,-53,
CCC,2014B,139,-12,
DDD,2014B,140,-15,
AAA,2013J,140,-52,
EEE,2014B,141,-54,
DDD,2013J,142,-20,171.0
AAA,2014B,143,-33,
CCC,2013J,143,-55,
DDD,2013J,144,-57,
CCC,2014B,145,-26,
DDD,2013J,145,-41,
BBB,2014B,146,-20,
CCC,2013J,147,-43,
DDD,2014B,147,-33,
AAA,2014B,148,-14,38.0
DDD,2014B,148,-57,
BBB,2014B,149,-57,
EEE,2013J,149,-43,
BBB,2014B,150,-25,
EEE,2013J,151,-34,81.0
BBB,2014B,151,-38,
DDD,2013J,152,-55,
BBB,2013J,152,-34,
DDD,2014B,153,-51,
BBB,2013J,153,-32,
CCC,2013J,154,-43,
EEE,2013J,155,-12,
CCC,2014B,155,-39,
DDD,2014B,156,-59,
CCC,2014B,156,-43,
CCC,2013J,157,-41,
EEE,2014B,158,-38,
BBB,2014B,158,-18,
BBB,2013J,159,-11,
CCC,2014B,159,-48,
BBB,2014B,160,-16,119.0
DDD,2014B,161,-14,
CCC,2013J,161,-17,
EEE,2013J,162,-41,
BBB,2013J,162,-27,
BBB,2014B,163,-47,
DDD,2013J,163,-55,
EEE,2014B,164,-27,186.0
EEE,2013J,165,-50,
AAA,2014B,165,-54,
CCC,2014B,166,-25,
EEE,2013J,166,-30,
DDD,2014B,167,-19,
CCC,2013J,168,-51,
AAA,2013J,169,-13,
EEE,2014B,170,-53,
CCC,2014B,170,-17,
DDD,2014B,171,-56,
CCC,2013J,171,-28,
BBB,2013J,172,-56,
AAA,2014B,172,-49,
BBB,2013J,173,-49,
CCC,2013J,174,-18,
BBB,2014B,175,-39,
DDD,2014B,175,-26,
BBB,2014B,176,-49,
BBB,2013J,177,-53,
CCC,2014B,178,-24,
DDD,2013J,179,-13,
EEE,2013J,179,-15,
EEE,2014B,180,-25,
CCC,2013J,180,-35,
CCC,2014B,181,-46,
AAA,2013J,181,-32,
EEE,2014B,182,-22,
BBB,2014B,182,-56,
BBB,2013J,183,-26,
CCC,2013J,184,-36,
EEE,2013J,185,-31,
AAA,2014B,185,-46,92.0
BBB,2014B,186,-48,
DDD,2013J,186,-44,150.0
CCC,2013J,187,-23,
DDD,2014B,188,-57,
CCC,2014B,189,-40,
EEE,2013J,190,-54,
CCC,2014B,190,-11,
CCC,2014B,191,-55,
BBB,2014B,192,-48,
EEE,2013J,192,-46,
AAA,2013J,193,-23,
EEE,2014B,194,-18,72.0
AAA,2013J,194,-16,
EEE,2013J,195,-37,
CCC,2013J,196,-55,
BBB,2014B,197,-34,
DDD,2014B,197,-55,
DDD,2013J,198,-37,
AAA,2014B,198,-11,
CCC,2014B,199,-26,
BBB,2013J,199,-13,
BBB,2014B,200,-22,
BBB,2014B,201,-27,
BBB,2014B,202,-12,
DDD,2014B,203,-46,
BBB,2014B,203,-42,
EEE,2014B,204,-50,
CCC,2014B,204,-33,
DDD,2013J,205,-17,
BBB,2013J,205,-44,
BBB,2013J,206,-11,
EEE,2014B,207,-42,
DDD,2014B,208,-21,
BBB,2013J,208,-31,
EEE,2013J,209,-22,
BBB,2013J,210,-19,
EEE,2014B,210,-26,
BBB,2013J,211,-52,
CCC,2013J,212,-14,
AAA,2014B,212,-18,86.0
EEE,2014B,213,-32,39.0
DDD,2014B,214,-52,
EEE,2014B,215,-13,30.0
CCC,2013J,216,-52,
DDD,2014B,216,-18,
EEE,2014B,217,-16,25.0
DDD,2014B,218,-32,
EEE,2014B,219,-32,
BBB,2014B,220,-40,
CCC,2014B,221,-14,
EEE,2013J,221,-15,
BBB,2014B,222,-10,
EEE,2014B,223,-57,
DDD,2014B,223,-37,
BBB,2014B,224,-27,86.0
AAA,2014B,225,-42,
AAA,2014B,226,-19,
DDD,2013J,226,-16,
CCC,2014B,227,-46,
AAA,2013J,228,-41,182.0
CCC,2013J,229,-31,
DDD,2013J,230,-25,
EEE,2014B,230,-33,
AAA,2014B,231,-23,
DDD,2013J,231,-20,
AAA,2013J,232,-28,
BBB,2013J,233,-32,
BBB,2013J,234,-43,
DDD,2014B,234,-49,
DDD,2014B,235,-22,
EEE,2013J,235,-48,
BBB,2013J,236,-53,
AAA,2013J,237,-37,
DDD,2014B,238,-49,
BBB,2013J,238,-25,
EEE,2014B,239,-59,124.0
AAA,2014B,240,-37,77.0
DDD,2014B,241,-37,
BBB,2013J,241,-21,
AAA,2013J,242,-25,
BBB,2013J,243,-58,
DDD,2013J,243,-45,
BBB,2013J,244,-29,163.0
EEE,2013J,244,-35,
EEE,2014B,245,-31,
DDD,2013J,245,-18,
EEE,2014B,246,-14,
EEE,2013J,247,-26,
DDD,2013J,247,-58,
AAA,2013J,248,-43,
CCC,2014B,249,-11,
AAA,2014B,249,-16,157.0
BBB,2013J,250,-39,
DDD,2013J,250,-39,
BBB,2014B,251,-20,
EEE,2014B,252,-40,
AAA,2013J,252,-12,
EEE,2014B,253,-11,
BBB,2014B,254,-57,
DDD,2013J,255,-12,
EEE,2013J,255,-24,
EEE,2013J,256,-26,
AAA,2013J,257,-57,
AAA,2014B,258,-16,
DDD,2013J,258,-57,
BBB,2014B,259,-14,
CCC,2013J,259,-43,
BBB,2014B,260,-42,
EEE,2014B,261,-54,
DDD,2013J,261,-25,
EEE,2013J,262,-46,
BBB,2014B,262,-12,
DDD,2014B,263,-56,
CCC,2014B,263,-57,
AAA,2013J,264,-52,
DDD,2013J,264,-59,
AAA,2013J,265,-30,
CCC,2014B,265,-50,
BBB,2013J,266,-17,31.0
EEE,2013J,266,-14,
CCC,2013J,267,-26,
CCC,2013J,268,-46,
DDD,2014B,268,-23,
BBB,2014B,269,-48,50.0
AAA,2013J,270,-37,
BBB,2014B,271,-40,
EEE,2013J,272,-26,
DDD,2013J,273,-44,
DDD,2014B,274,-49,
BBB,2013J,275,-31,
AAA,2013J,275,-54,
BBB,2014B,276,-57,
AAA,2013J,276,-38,19.0
CCC,2013J,277,-27,
DDD,2014B,278,-44,
BBB,2014B,278,-53,
BBB,2013J,279,-25,
EEE,2013J,279,-59,
AAA,2013J,280,-58,
CCC,2014B,281,-16,167.0
DDD,2013J,281,-28,
DDD,2014B,282,-32,
BBB,2013J,282,-17,
CCC,2013J,283,-26,
EEE,2013J,284,-30,
CCC,2013J,285,-35,
AAA,2013J,285,-37,
AAA,2013J,286,-48,
BBB,2013J,287,-42,
EEE,2014B,287,-49,
BBB,2013J,288,-28,
EEE,2013J,288,-38,
AAA,2014B,289,-29,
CCC,2013J,289,-29,83.0
DDD,2014B,290,-21,
CCC,2013J,290,-42,129.0
EEE,2013J,291,-34,
BBB,2014B,291,-34,13.0
BBB,2014B,292,-13,
AAA,2013J,293,-18,
DDD,2014B,293,-24,
BBB,2013J,294,-35,
AAA,2013J,294,-24,99.0
EEE,2013J,295,-37,
BBB,2013J,296,-16,169.0
BBB,2014B,297,-21,
AAA,2013J,298,-44,
DDD,2014B,298,-41,
DDD,2014B,299,-18,87.0
CCC,2014B,299,-22,
CCC,2014B,300,-53,105.0
AAA,2013J,301,-28,
EEE,2014B,302,-39,
AAA,2013J,303,-25,
CCC,2013J,303,-21,
AAA,2014B,304,-19,
AAA,2014B,305,-11,
BBB,2013J,305,-27,150.0
DDD,2013J,306,-38,
CCC,2014B,306,-33,111.0
AAA,2013J,307,-21,
CCC,2014B,307,-38,
BBB,2014B,308,-31,
EEE,2013J,308,-45,
BBB,2013J,309,-10,
AAA,2013J,309,-52,
BBB,2014B,310,-49,
DDD,2014B,310,-43,
CCC,2014B,311,-43,
BBB,2013J,312,-57,
CCC,2013J,312,-42,
CCC,2014B,313,-13,
DDD,2014B,314,-47,
BBB,2013J,315,-39,
CCC,2013J,315,-55,
AAA,2014B,316,-29,
CCC,2013J,316,-35,
BBB,2013J,317,-24,
BBB,2013J,318,-16,
CCC,2014B,319,-16,123.0
EEE,2013J,319,-38,
BBB,2013J,320,-32,
EEE,2013J,321,-43,
BBB,2013J,321,-29,
BBB,2013J,322,-24,
CCC,2013J,322,-42,
DDD,2013J,323,-26,
DDD,2014B,324,-29,
EEE,2013J,325,-22,
BBB,2014B,326,-53,
CCC,2013J,326,-33,
AAA,2014B,327,-56,
EEE,2014B,327,-46,
AAA,2014B,328,-16,
AAA,2014B,329,-17,
BBB,2014B,329,-32,
BBB,2013J,330,-23,
AAA,2013J,331,-13,
BBB,2013J,331,-30,198.0
AAA,2013J,332,-55,103.0
CCC,2013J,332,-39,
BBB,2014B,333,-25,
AAA,2014B,334,-20,
DDD,2014B,334,-31,
DDD,2013J,335,-38,
EEE,2014B,335,-34,
DDD,2013J,336,-23,
DDD,2014B,337,-23,
AAA,2014B,337,-11,
BBB,2013J,338,-22,167.0
DDD,2013J,339,-27,63.0
EEE,2014B,340,-45,
BBB,2014B,341,-30,62.0
AAA,2014B,342,-28,
BBB,2014B,342,-25,
BBB,2014B,343,-37,
DDD,2013J,343,-13,
DDD,2013J,344,-24,
CCC,2014B,345,-10,
AAA,2013J,345,-57,
CCC,2014B,346,-56,
EEE,2013J,347,-25,
BBB,2013J,348,-29,
CCC,2014B,348,-42,
BBB,2014B,349,-26,
EEE,2013J,350,-14,
CCC,2013J,350,-14,
CCC,2014B,351,-48,
BBB,2014B,351,-22,
EEE,2013J,352,-53,
AAA,2013J,353,-45,
CCC,2014B,353,-39,
AAA,2014B,354,-13,
BBB,2013J,354,-32,
DDD,2014B,355,-30,
DDD,2013J,356,-30,
CCC,2013J,356,-15,
BBB,2014B,357,-33,
EEE,2014B,358,-56,
CCC,2013J,358,-40,
EEE,2014B,359,-28,
DDD,2014B,359,-47,
AAA,2013J,360,-21,
AAA,2014B,361,-23,187.0
CCC,2013J,361,-21,
EEE,2014B,362,-24,
AAA,2013J,363,-28,
AAA,2014B,364,-37,177.0
DDD,2013J,365,-50,
EEE,2013J,366,-14,
BBB,2014B,367,-14,
CCC,2013J,368,-15,
DDD,2013J,369,-32,76.0
EEE,2014B,370,-46,
BBB,2013J,370,-42,
CCC,2014B,371,-52,
BBB,2014B,371,-30,
DDD,2014B,372,-29,
AAA,2014B,372,-10,
BBB,2014B,373,-48,
BBB,2014B,374,-56,154.0
AAA,2014B,374,-38,
BBB,2014B,375,-17,
CCC,2013J,375,-35,37.0
DDD,2014B,376,-43,150.0
AAA,2013J,377,-53,
CCC,2013J,377,-46,
CCC,2013J,378,-22,
AAA,2013J,379,-47,
DDD,2014B,380,-34,
DDD,2014B,381,-56,
EEE,2013J,381,-32,
CCC,2013J,382,-31,
CCC,2014B,383,-30,
DDD,2014B,384,-39,
BBB,2013J,385,-20,
CCC,2013J,386,-13,
EEE,2014B,386,-42,120.0
EEE,2014B,387,-21,
AAA,2014B,387,-18,
CCC,2013J,388,-41,
DDD,2014B,388,-20,
EEE,2013J,389,-46,
CCC,2013J,390,-33,16.0
AAA,2014B,390,-17,
DDD,2014B,391,-42,
BBB,2013J,391,-34,
EEE,2013J,392,-10,
DDD,2013J,393,-12,
AAA,2013J,393,-49,
EEE,2014B,394,-37,
CCC,2013J,395,-52,
DDD,2013J,395,-42,
BBB,2013J,396,-55,
CCC,2013J,397,-10,175.0
DDD,2013J,398,-36,
BBB,2014B,399,-47,
BBB,2013J,400,-44,
CCC,2013J,401,-19,
EEE,2014B,401,-21,
EEE,2013J,402,-19,
AAA,2013J,403,-43,
CCC,2014B,404,-33,165.0
BBB,2013J,405,-31,
CCC,2013J,405,-54,
EEE,2014B,406,-25,22.0
DDD,2013J,407,-45,
CCC,2014B,408,-45,
EEE,2013J,409,-52,96.0
BBB,2013J,409,-23,
CCC,2013J,410,-41,
AAA,2013J,411,-12,
DDD,2014B,412,-36,194.0
AAA,2013J,412,-10,
EEE,2014B,413,-14,
AAA,2013J,414,-58,
CCC,2014B,414,-42,124.0
EEE,2014B,415,-28,173.0
DDD,2014B,415,-15,
AAA,2014B,416,-24,
EEE,2013J,416,-45,
CCC,2014B,417,-42,
AAA,2013J,418,-33,36.0
DDD,2013J,418,-58,
BBB,2013J,419,-20,
DDD,2013J,419,-58,
EEE,2014B,420,-32,
CCC,2013J,421,-42,
AAA,2014B,421,-50,
BBB,2014B,422,-55,
CCC,2014B,422,-56,
BBB,2013J,423,-38,
DDD,2014B,424,-40,107.0
BBB,2014B,424,-27,15.0
BBB,2013J,425,-49,
CCC,2014B,425,-10,51.0
AAA,2013J,426,-39,
CCC,2013J,426,-13,
EEE,2014B,427,-41,
EEE,2013J,428,-19,
CCC,2013J,428,-52,
BBB,2014B,429,-14,18.0
AAA,2013J,429,-14,
BBB,2014B,430,-20,
EEE,2014B,430,-44,
BBB,2013J,431,-36,
DDD,2013J,432,-13,
AAA,2013J,433,-19,
CCC,2014B,434,-48,
EEE,2013J,435,-42,
AAA,2014B,435,-47,
DDD,2014B,436,-17,
BBB,2013J,437,-58,
AAA,2014B,437,-33,
EEE,2014B,438,-48,
AAA,2014B,439,-42,
CCC,2013J,440,-50,
AAA,2014B,440,-52,
CCC,2014B,441,-28,
BBB,2014B,441,-11,
EEE,2013J,442,-20,
AAA,2013J,442,-44,
DDD,2014B,443,-26,
CCC,2013J,443,-51,
AAA,2014B,444,-12,
BBB,2013J,445,-31,
AAA,2014B,445,-44,
EEE,2013J,446,-30,
AAA,2013J,447,-34,
CCC,2014B,447,-48,
DDD,2013J,448,-11,
BBB,2013J,448,-10,
CCC,2014B,449,-16,
AAA,2014B,449,-29,
DDD,2014B,450,-52,
BBB,2013J,451,-15,
CCC,2013J,451,-45,
AAA,2013J,452,-30,
AAA,2013J,453,-55,
EEE,2013J,454,-44,
CCC,2014B,455,-45,
AAA,2013J,456,-17,
DDD,2013J,457,-59,
BBB,2013J,457,-13,
AAA,2013J,458,-52,
CCC,2014B,459,-25,
BBB,2014B,459,-12,11.0
EEE,2014B,460,-10,
BBB,2014B,460,-10,
DDD,2013J,461,-47,124.0
AAA,2013J,461,-16,
EEE,2014B,462,-33,
EEE,2013J,463,-14,
BBB,2014B,463,-30,
EEE,2013J,464,-37,
AAA,2013J,464,-27,
DDD,2013J,465,-33,
CCC,2013J,466,-41,
CCC,2013J,467,-54,42.0
CCC,2014B,468,-19,
EEE,2014B,469,-18,
AAA,2013J,470,-58,
CCC,2013J,470,-42,
EEE,2013J,471,-42,
EEE,2013J,472,-16,
CCC,2013J,472,-13,
CCC,2014B,473,-37,
DDD,2013J,473,-32,62.0
CCC,2013J,474,-41,
DDD,2014B,475,-53,
BBB,2014B,475,-25,
AAA,2014B,476,-55,
EEE,2013J,477,-19,
CCC,2014B,477,-23,
EEE,2014B,478,-48,
EEE,2014B,479,-45,43.0
DDD,2013J,480,-33,
BBB,2013J,481,-27,25.0
CCC,2013J,481,-50,
EEE,2013J,482,-46,
BBB,2013J,482,-50,34.0
BBB,2014B,483,-17,
CCC,2014B,483,-33,
CCC,2013J,484,-29,
EEE,2014B,484,-57,
EEE,2013J,485,-39,
DDD,2013J,486,-29,
AAA,2014B,487,-27,77.0
DDD,2013J,487,-57,
CCC,2014B,488,-45,
DDD,2014B,488,-15,
EEE,2013J,489,-12,
BBB,2013J,489,-27,
EEE,2014B,490,-56,
AAA,2014B,490,-49,27.0
AAA,2013J,491,-32,
EEE,2014B,491,-44,143.0
AAA,2013J,492,-35,
BBB,2014B,492,-30,
EEE,2013J,493,-33,24.0
AAA,2013J,493,-36,41.0
DDD,2014B,494,-21,
EEE,2014B,494,-14,
AAA,2014B,495,-16,
CCC,2013J,496,-31,
BBB,2013J,497,-36,
CCC,2013J,497,-24,
AAA,2013J,498,-48,
BBB,2014B,499,-54,
DDD,2013J,499,-44,
AAA,2014B,500,-35,
DDD,2013J,501,-32,
BBB,2014B,501,-22,
DDD,2014B,502,-35,
EEE,2013J,503,-12,
AAA,2014B,503,-38,
BBB,2013J,504,-11,
AAA,2014B,505,-37,
EEE,2013J,505,-32,
DDD,2013J,506,-45,
EEE,2013J,507,-58,
DDD,2014B,507,-15,
BBB,2014B,508,-20,
BBB,2014B,509,-47,127.0
AAA,2013J,509,-43,
CCC,2014B,510,-26,
EEE,2013J,510,-12,
BBB,2013J,511,-53,183.0
BBB,2013J,512,-43,
BBB,2013J,513,-31,
DDD,2014B,513,-38,
EEE,2013J,514,-38,78.0
EEE,2014B,515,-19,126.0
AAA,2013J,515,-18,
CCC,2014B,516,-30,86.0
EEE,2014B,516,-19,
CCC,2013J,517,-47,67.0
CCC,2014B,518,-55,
BBB,2013J,518,-40,
EEE,2013J,519,-58,
AAA,2013J,519,-43,115.0
CCC,2013J,520,-44,
DDD,2013J,520,-48,
BBB,2013J,521,-48,
BBB,2013J,522,-42,169.0
AAA,2013J,523,-42,
BBB,2014B,524,-17,
DDD,2013J,525,-55,
EEE,2013J,525,-23,
EEE,2013J,526,-43,
BBB,2013J,526,-17,
EEE,2014B,527,-51,
EEE,2014B,528,-16,
AAA,2014B,528,-22,
BBB,2013J,529,-30,
DDD,2013J,530,-56,
EEE,2013J,531,-41,84.0
CCC,2013J,532,-23,
CCC,2013J,533,-20,
AAA,2013J,533,-11,
DDD,2014B,534,-43,
BBB,2014B,534,-53,
CCC,2014B,535,-56,
DDD,2014B,536,-26,
CCC,2014B,536,-23,
CCC,2013J,537,-34,
CCC,2014B,538,-57,100.0
BBB,2013J,538,-17,
BBB,2013J,539,-26,
DDD,2013J,539,-14,
BBB,2014B,540,-21,
DDD,2014B,541,-47,
CCC,2014B,541,-27,
EEE,2013J,542,-35,
BBB,2013J,543,-40,
EEE,2013J,543,-46,
AAA,2014B,544,-15,
CCC,2013J,545,-50,
DDD,2013J,546,-24,
DDD,2013J,547,-51,
AAA,2013J,548,-58,
DDD,2013J,549,-35,50.0
BBB,2013J,550,-56,
CCC,2014B,551,-23,
EEE,2014B,552,-10,
EEE,2014B,553,-26,
BBB,2014B,553,-42,
CCC,2013J,554,-38,
AAA,2014B,555,-54,
BBB,2013J,556,-40,
EEE,2013J,556,-17,
EEE,2013J,557,-39,86.0
AAA,2013J,557,-25,
DDD,2014B,558,-11,
BBB,2013J,558,-54,
DDD,2014B,559,-27,
EEE,2014B,559,-44,182.0
CCC,2014B,560,-28,
EEE,2014B,560,-22,
DDD,2014B,561,-13,
BBB,2014B,561,-28,
EEE,2013J,562,-59,
EEE,2014B,563,-34,
CCC,2013J,563,-47,
CCC,2013J,564,-40,
DDD,2014B,564,-45,77.0
BBB,2013J,565,-48,
AAA,2013J,565,-16,
EEE,2013J,566,-25,
DDD,2013J,567,-57,
CCC,2014B,567,-14,
EEE,2014B,568,-56,
BBB,2014B,568,-32,
BBB,2013J,569,-45,
AAA,2013J,570,-41,
EEE,2014B,571,-33,
BBB,2013J,571,-34,
EEE,2013J,572,-54,
BBB,2013J,573,-37,
CCC,2013J,573,-28,
DDD,2013J,574,-16,
CCC,2013J,575,-53,
DDD,2014B,576,-50,
BBB,2014B,577,-26,
CCC,2014B,578,-11,
CCC,2014B,579,-25,
AAA,2014B,580,-48,
EEE,2013J,581,-27,
EEE,2014B,582,-48,138.0
DDD,2014B,582,-12,136.0
BBB,2013J,583,-30,
AAA,2014B,583,-39,
DDD,2013J,584,-20,31.0
DDD,2013J,585,-56,
CCC,2014B,586,-34,
DDD,2014B,587,-12,
BBB,2014B,587,-39,
AAA,2013J,588,-33,137.0
EEE,2013J,588,-54,
CCC,2014B,589,-45,
DDD,2013J,590,-32,127.0
CCC,2014B,590,-17,
CCC,2013J,591,-13,
AAA,2013J,591,-59,
BBB,2014B,592,-48,168.0
BBB,2013J,593,-38,
CCC,2013J,593,-45,
AAA,2013J,594,-22,114.0
EEE,2014B,595,-18,128.0
DDD,2014B,596,-30,
AAA,2013J,597,-12,98.0
CCC,2014B,598,-34,
DDD,2013J,598,-21,
EEE,2013J,599,-38,
BBB,2013J,599,-20,
EEE,2014B,600,-20,
BBB,2013J,601,-58,
DDD,2013J,601,-35,
AAA,2013J,602,-23,
DDD,2013J,603,-25,147.0
BBB,2014B,604,-40,
AAA,2014B,604,-40,45.0
EEE,2013J,605,-19,
DDD,2013J,605,-35,
BBB,2014B,606,-29,
AAA,2013J,606,-53,
CCC,2013J,607,-18,
BBB,2014B,607,-24,
BBB,2014B,608,-18,
CCC,2013J,608,-16,
BBB,2014B,609,-35,
CCC,2014B,610,-33,
DDD,2014B,610,-21,
BBB,2013J,611,-29,129.0
BBB,2014B,612,-23,
CCC,2014B,613,-31,
BBB,2014B,613,-25,
BBB,2013J,614,-38,169.0
CCC,2013J,615,-28,
EEE,2013J,615,-44,
EEE,2014B,616,-52,
BBB,2013J,616,-41,
DDD,2013J,617,-29,
AAA,2014B,618,-49,17.0
DDD,2013J,619,-44,51.0
EEE,2013J,620,-22,79.0
AAA,2014B,620,-56,
CCC,2014B,621,-25,
EEE,2013J,621,-14,
EEE,2014B,622,-54,
CCC,2013J,623,-43,
BBB,2014B,624,-15,
EEE,2013J,624,-42,
CCC,2014B,625,-24,
EEE,2014B,625,-24,
BBB,2013J,626,-23,
DDD,2014B,626,-48,
DDD,2013J,627,-14,
CCC,2013J,628,-35,
DDD,2014B,628,-57,
AAA,2014B,629,-26,
EEE,2014B,630,-52,
DDD,2014B,630,-56,
CCC,2013J,631,-25,
DDD,2014B,631,-44,
BBB,2013J,632,-47,
EEE,2013J,633,-32,
EEE,2014B,634,-22,102.0
BBB,2013J,634,-55,
EEE,2014B,635,-43,
CCC,2013J,635,-43,
EEE,2014B,636,-36,
EEE,2014B,637,-24,
CCC,2013J,638,-59,
EEE,2014B,638,-18,
DDD,2013J,639,-35,
BBB,2013J,640,-12,
AAA,2014B,641,-45,
BBB,2013J,641,-56,
BBB,2013J,642,-14,
DDD,2013J,642,-29,
AAA,2014B,643,-29,
DDD,2014B,643,-14,
DDD,2014B,644,-19,89.0
BBB,2014B,645,-34,53.0
DDD,2013J,646,-34,
DDD,2013J,647,-39,
AAA,2013J,647,-23,
DDD,2014B,648,-31,180.0
BBB,2014B,649,-37,
DDD,2013J,650,-39,
BBB,2014B,650,-28,
AAA,2013J,651,-47,
CCC,2013J,651,-51,
CCC,2013J,652,-29,
BBB,2013J,652,-44,
BBB,2014B,653,-31,
DDD,2013J,654,-24,
EEE,2014B,654,-20,
DDD,2013J,655,-43,
AAA,2014B,656,-33,
CCC,2013J,657,-15,26.0
AAA,2014B,658,-37,
DDD,2014B,658,-59,
EEE,2013J,659,-40,
AAA,2014B,659,-45,
CCC,2014B,660,-18,
CCC,2014B,661,-19,
CCC,2014B,662,-30,
CCC,2013J,663,-43,
BBB,2013J,664,-40,
AAA,2014B,665,-38,116.0
DDD,2014B,665,-52,
BBB,2013J,666,-20,
DDD,2013J,666,-42,
AAA,2013J,667,-55,
BBB,2014B,667,-10,158.0
DDD,2014B,668,-32,82.0
DDD,2013J,669,-10,
DDD,2014B,670,-30,
DDD,2014B,671,-31,
CCC,2013J,672,-13,
DDD,2013J,672,-10,
EEE,2013J,673,-19,
BBB,2014B,673,-24,45.0
CCC,2013J,674,-38,
DDD,2013J,674,-55,
EEE,2013J,675,-14,
BBB,2014B,675,-38,
DDD,2014B,676,-56,184.0
BBB,2013J,676,-36,162.0
EEE,2013J,677,-25,
DDD,2013J,677,-25,
BBB,2013J,678,-45,
CCC,2013J,678,-34,50.0
EEE,2014B,679,-10,
BBB,2014B,680,-14,
EEE,2014B,681,-50,157.0
BBB,2013J,682,-14,
DDD,2014B,682,-45,
CCC,2013J,683,-38,
AAA,2013J,684,-57,
DDD,2014B,684,-43,
AAA,2014B,685,-57,
EEE,2014B,686,-27,
DDD,2013J,687,-11,
CCC,2014B,688,-25,166.0
AAA,2013J,688,-42,
BBB,2014B,689,-25,
CCC,2014B,690,-44,
BBB,2013J,690,-56,
DDD,2013J,691,-52,115.0
BBB,2014B,691,-26,
CCC,2013J,692,-13,
CCC,2014B,693,-58,
BBB,2013J,694,-13,
DDD,2013J,695,-34,
BBB,2013J,696,-42,
CCC,2014B,696,-23,
AAA,2014B,697,-33,
EEE,2013J,698,-20,
DDD,2014B,699,-34,
CCC,2014B,699,-37,
DDD,2014B,700,-16,
EEE,2014B,700,-58,
CCC,2014B,701,-45,
BBB,2014B,701,-19,
BBB,2013J,702,-58,45.0
AAA,2013J,703,-40,27.0
CCC,2013J,703,-58,
EEE,2014B,704,-15,
DDD,2014B,704,-37,
AAA,2014B,705,-16,
CCC,2014B,705,-47,
BBB,2014B,706,-21,
AAA,2014B,706,-50,
EEE,2014B,707,-59,
DDD,2013J,707,-43,
EEE,2013J,708,-34,
BBB,2014B,708,-26,190.0
EEE,2014B,709,-42,
DDD,2013J,709,-32,
CCC,2013J,710,-18,
DDD,2014B,711,-15,
EEE,2014B,711,-11,146.0
BBB,2014B,712,-12,
AAA,2014B,713,-25,102.0
AAA,2014B,714,-53,192.0
CCC,2014B,715,-49,
AAA,2013J,716,-35,
BBB,2014B,716,-47,
BBB,2014B,717,-44,
DDD,2014B,717,-32,
CCC,2013J,718,-13,
EEE,2014B,718,-51,
EEE,2014B,719,-23,
DDD,2014B,719,-56,
CCC,2014B,720,-48,
CCC,2014B,721,-16,
AAA,2013J,721,-17,51.0
CCC,2014B,722,-28,
CCC,2014B,723,-11,
BBB,2013J,723,-56,
DDD,2013J,724,-10,
EEE,2014B,724,-51,
CCC,2013J,725,-47,
BBB,2013J,725,-22,
EEE,2013J,726,-51,181.0
BBB,2013J,726,-33,105.0
CCC,2013J,727,-39,
BBB,2014B,728,-15,
AAA,2013J,728,-47,106.0
CCC,2014B,729,-53,
BBB,2014B,730,-32,
DDD,2013J,731,-19,
DDD,2013J,732,-55,
AAA,2013J,732,-24,
BBB,2014B,733,-32,
AAA,2014B,733,-45,
BBB,2013J,734,-10,12.0
EEE,2014B,734,-23,
BBB,2014B,735,-26,
AAA,2014B,735,-43,
EEE,2013J,736,-56,
DDD,2013J,736,-15,
BBB,2014B,737,-14,
EEE,2014B,737,-55,
BBB,2013J,738,-50,
CCC,2013J,739,-49,
DDD,2013J,739,-38,
DDD,2014B,740,-44,
EEE,2013J,741,-27,
BBB,2013J,741,-49,
DDD,2014B,742,-57,
BBB,2013J,742,-39,88.0
AAA,2013J,743,-24,
DDD,2013J,744,-25,
AAA,2014B,745,-42,
DDD,2014B,746,-19,
BBB,2014B,747,-28,
CCC,2014B,748,-46,
AAA,2014B,749,-59,
EEE,2014B,749,-12,
BBB,2014B,750,-45,
CCC,2013J,750,-13,
BBB,2014B,751,-20,
AAA,2014B,751,-50,170.0
EEE,2013J,752,-37,
BBB,2013J,752,-41,130.0
AAA,2014B,753,-25,18.0
AAA,2013J,754,-20,
CCC,2013J,755,-15,
CCC,2014B,756,-58,
AAA,2013J,756,-36,
EEE,2013J,757,-21,159.0
DDD,2014B,757,-49,185.0
BBB,2014B,758,-46,
DDD,2014B,758,-30,
DDD,2014B,759,-42,
CCC,2013J,759,-26,
EEE,2014B,760,-38,
AAA,2014B,761,-49,27.0
EEE,2014B,762,-56,
AAA,2014B,762,-22,
CCC,2013J,763,-36,
DDD,2013J,763,-19,
CCC,2014B,764,-41,
BBB,2013J,764,-50,
EEE,2013J,765,-54,
CCC,2014B,765,-12,
EEE,2014B,766,-31,
CCC,2014B,766,-36,
BBB,2013J,767,-12,
CCC,2013J,768,-42,11.0
DDD,2014B,768,-20,
BBB,2014B,769,-55,
AAA,2013J,769,-19,
EEE,2013J,770,-48,
BBB,2013J,770,-42,
AAA,2013J,771,-16,
DDD,2013J,772,-24,
EEE,2014B,772,-35,
BBB,2014B,773,-20,
AAA,2013J,774,-47,
CCC,2014B,774,-36,
CCC,2013J,775,-48,
BBB,2013J,775,-16,
AAA,2014B,776,-10,
CCC,2014B,776,-19,
AAA,2014B,777,-30,
CCC,2014B,777,-24,
BBB,2013J,778,-39,
DDD,2014B,778,-39,
CCC,2013J,779,-17,92.0
AAA,2013J,779,-12,
DDD,2014B,780,-24,
AAA,2013J,781,-45,
BBB,2014B,781,-15,
DDD,2014B,782,-51,
CCC,2014B,782,-59,
AAA,2014B,783,-57,155.0
EEE,2013J,783,-47,
BBB,2014B,784,-28,
DDD,2014B,784,-58,
DDD,2013J,785,-59,
EEE,2013J,785,-39,
EEE,2013J,786,-22,48.0
CCC,2014B,786,-21,
EEE,2013J,787,-43,
BBB,2014B,788,-21,
DDD,2013J,789,-53,
EEE,2013J,789,-33,141.0
DDD,2014B,790,-45,
EEE,2014B,791,-59,
CCC,2014B,791,-57,
CCC,2014B,792,-23,
DDD,2013J,793,-26,
AAA,2014B,794,-58,
DDD,2014B,795,-12,
AAA,2013J,796,-47,
AAA,2013J,797,-32,
AAA,2014B,798,-22,
DDD,2014B,798,-18,
BBB,2014B,799,-30,
EEE,2013J,800,-50,
BBB,2013J,800,-17,
CCC,2013J,801,-26,
CCC,2014B,802,-25,
AAA,2013J,802,-25,
BBB,2013J,803,-37,
DDD,2014B,804,-25,
EEE,2013J,805,-55,
CCC,2014B,805,-55,
DDD,2013J,806,-23,175.0
CCC,2014B,807,-29,
DDD,2014B,807,-54,
BBB,2013J,808,-57,
EEE,2014B,808,-50,
CCC,2014B,809,-43,
AAA,2013J,809,-38,
DDD,2014B,810,-12,83.0
AAA,2014B,811,-29,
DDD,2014B,812,-11,
BBB,2014B,812,-36,
CCC,2013J,813,-41,
EEE,2014B,813,-19,177.0
DDD,2013J,814,-26,
CCC,2014B,815,-42,
DDD,2014B,815,-15,
DDD,2014B,816,-48,27.0
EEE,2013J,816,-18,81.0
BBB,2013J,817,-34,
BBB,2013J,818,-40,
AAA,2014B,819,-51,
AAA,2014B,820,-13,
BBB,2014B,820,-29,
DDD,2013J,821,-37,
EEE,2014B,822,-49,
AAA,2014B,823,-10,
DDD,2014B,824,-49,
CCC,2013J,824,-53,
DDD,2014B,825,-32,
BBB,2013J,826,-56,
EEE,2014B,826,-22,153.0
DDD,2013J,827,-35,
AAA,2013J,828,-40,
EEE,2014B,829,-59,
EEE,2013J,830,-10,
AAA,2013J,830,-26,
EEE,2013J,831,-25,
DDD,2013J,831,-46,
AAA,2013J,832,-19,
EEE,2014B,833,-47,
BBB,2014B,834,-53,
EEE,2013J,835,-40,
AAA,2014B,835,-19,191.0
AAA,2013J,836,-58,
DDD,2014B,837,-43,
CCC,2014B,838,-15,
EEE,2014B,838,-37,
CCC,2013J,839,-37,
EEE,2014B,839,-22,
CCC,2014B,840,-50,
EEE,2014B,841,-21,
BBB,2013J,841,-59,66.0
EEE,2014B,842,-59,
CCC,2014B,842,-11,
EEE,2013J,843,-17,
AAA,2013J,843,-51,
EEE,2013J,844,-18,
DDD,2014B,845,-59,
CCC,2013J,845,-17,
EEE,2014B,846,-12,
AAA,2014B,846,-18,22.0
BBB,2014B,847,-18,
EEE,2013J,848,-40,
DDD,2013J,849,-34,
EEE,2013J,850,-53,
DDD,2013J,851,-54,
AAA,2014B,852,-17,
DDD,2014B,852,-56,
DDD,2014B,853,-40,
AAA,2014B,854,-54,
DDD,2013J,854,-54,
CCC,2013J,855,-40,
DDD,2013J,856,-26,
CCC,2013J,856,-56,
BBB,2013J,857,-28,76.0
DDD,2014B,857,-55,
EEE,2014B,858,-39,
AAA,2013J,858,-19,122.0
CCC,2014B,859,-38,
DDD,2014B,860,-49,155.0
CCC,2014B,861,-21,
DDD,2014B,861,-58,
CCC,2014B,862,-32,
BBB,2013J,862,-20,
BBB,2013J,863,-18,127.0
AAA,2014B,864,-33,
BBB,2013J,865,-34,64.0
EEE,2013J,865,-34,
DDD,2013J,866,-56,18.0
CCC,2014B,866,-21,148.0
AAA,2013J,867,-58,
CCC,2013J,867,-47,
DDD,2013J,868,-37,
BBB,2014B,868,-17,
BBB,2014B,869,-19,
DDD,2013J,869,-34,184.0
EEE,2013J,870,-45,134.0
AAA,2013J,870,-59,116.0
BBB,2013J,871,-18,197.0
AAA,2014B,871,-17,
DDD,2013J,872,-12,
BBB,2014B,873,-27,119.0
CCC,2013J,874,-44,
EEE,2014B,874,-26,
BBB,2014B,875,-45,
DDD,2014B,876,-37,
EEE,2014B,876,-59,
EEE,2014B,877,-24,
CCC,2014B,878,-28,133.0
CCC,2013J,879,-31,
CCC,2013J,880,-15,
DDD,2013J,881,-56,
EEE,2013J,882,-16,
CCC,2014B,882,-53,
BBB,2014B,883,-57,
AAA,2014B,883,-18,
AAA,2014B,884,-29,
AAA,2014B,885,-46,
BBB,2013J,886,-20,
DDD,2013J,887,-11,
BBB,2014B,887,-31,
AAA,2014B,888,-57,
AAA,2014B,889,-45,
AAA,2014B,890,-14,
DDD,2013J,891,-16,
BBB,2013J,892,-15,
EEE,2014B,892,-31,
BBB,2014B,893,-19,55.0
EEE,2014B,893,-49,198.0
AAA,2014B,894,-55,
EEE,2013J,894,-55,
EEE,2014B,895,-29,37.0
EEE,2013J,896,-32,
BBB,2014B,896,-44,
AAA,2013J,897,-10,
DDD,2014B,898,-38,
AAA,2013J,899,-18,
AAA,2014B,900,-18,
EEE,2013J,901,-31,
AAA,2013J,902,-11,
BBB,2014B,903,-25,
BBB,2013J,904,-49,
EEE,2014B,904,-15,
AAA,2014B,905,-22,
DDD,2014B,906,-42,
EEE,2013J,906,-28,
DDD,2013J,907,-24,
CCC,2013J,908,-42,
AAA,2013J,908,-19,
AAA,2013J,909,-10,
EEE,2014B,909,-21,
EEE,2014B,910,-52,
AAA,2013J,910,-38,
DDD,2013J,911,-26,
AAA,2014B,911,-13,38.0
DDD,2013J,912,-16,
DDD,2013J,913,-53,
BBB,2013J,913,-22,
AAA,2013J,914,-14,
CCC,2014B,915,-15,16.0
BBB,2013J,915,-55,
BBB,2014B,916,-37,
EEE,2014B,916,-55,
DDD,2013J,917,-19,
DDD,2013J,918,-13,
DDD,2013J,919,-12,
EEE,2014B,919,-34,
DDD,2014B,920,-32,
CCC,2014B,921,-36,
AAA,2014B,922,-23,
CCC,2014B,922,-47,
AAA,2014B,923,-41,
EEE,2014B,923,-32,
BBB,2014B,924,-56,
EEE,2013J,924,-49,
BBB,2014B,925,-46,
EEE,2013J,925,-12,
AAA,2014B,926,-44,
BBB,2014B,926,-22,
BBB,2013J,927,-43,
AAA,2014B,927,-33,85.0
CCC,2013J,928,-17,
DDD,2013J,929,-28,
DDD,2013J,930,-18,
CCC,2014B,930,-37,
DDD,2014B,931,-23,
BBB,2014B,931,-36,155.0
CCC,2014B,932,-51,
EEE,2013J,932,-50,
DDD,2013J,933,-15,
EEE,2013J,934,-42,
AAA,2014B,934,-46,98.0
BBB,2014B,935,-22,
EEE,2014B,935,-32,
EEE,2014B,936,-45,
AAA,2014B,936,-42,
DDD,2013J,937,-30,
CCC,2014B,937,-43,
BBB,2013J,938,-45,
AAA,2014B,938,-26,
BBB,2013J,939,-19,
EEE,2014B,940,-32,
BBB,2014B,940,-53,
EEE,2013J,941,-11,151.0
CCC,2014B,941,-56,
AAA,2014B,942,-54,
BBB,2013J,942,-50,
AAA,2014B,943,-11,
CCC,2014B,943,-28,
CCC,2014B,944,-25,
BBB,2013J,944,-52,
AAA,2014B,945,-53,
CCC,2013J,945,-34,
BBB,2014B,946,-10,
AAA,2013J,946,-11,
BBB,2014B,947,-57,
AAA,2013J,948,-36,
CCC,2014B,948,-11,
DDD,2014B,949,-39,
BBB,2014B,950,-19,
DDD,2014B,951,-28,
BBB,2014B,951,-51,
AAA,2013J,952,-25,
EEE,2013J,952,-22,
DDD,2014B,953,-57,
EEE,2013J,954,-59,
AAA,2014B,954,-17,
EEE,2014B,955,-59,
CCC,2014B,956,-40,
DDD,2013J,956,-54,
DDD,2014B,957,-34,
BBB,2014B,958,-48,
AAA,2014B,958,-30,
AAA,2014B,959,-59,111.0
EEE,2013J,960,-50,
DDD,2013J,961,-38,79.0
CCC,2013J,961,-27,
AAA,2013J,962,-58,
BBB,2014B,963,-53,
CCC,2013J,963,-44,
DDD,2014B,964,-36,
CCC,2013J,964,-14,
CCC,2013J,965,-16,
BBB,2014B,965,-19,
CCC,2014B,966,-19,
DDD,2013J,966,-37,
BBB,2013J,967,-45,
EEE,2013J,967,-19,
CCC,2013J,968,-59,
BBB,2014B,968,-44,
AAA,2014B,969,-44,174.0
BBB,2013J,969,-57,
EEE,2014B,970,-29,22.0
DDD,2013J,971,-20,
CCC,2014B,971,-54,
AAA,2014B,972,-28,
DDD,2013J,973,-37,111.0
CCC,2013J,974,-54,
CCC,2013J,975,-13,
AAA,2014B,975,-46,
DDD,2013J,976,-28,
BBB,2013J,977,-46,
DDD,2014B,977,-23,104.0
CCC,2014B,978,-37,
BBB,2014B,979,-45,
EEE,2014B,980,-53,
DDD,2013J,981,-47,
EEE,2013J,981,-28,
BBB,2014B,982,-51,
DDD,2013J,982,-10,
DDD,2014B,983,-32,37.0
EEE,2013J,983,-57,141.0
BBB,2013J,984,-50,
EEE,2014B,985,-27,
EEE,2014B,986,-58,
DDD,2014B,987,-56,
BBB,2013J,988,-48,15.0
DDD,2014B,988,-28,
DDD,2013J,989,-21,
AAA,2014B,990,-34,
EEE,2013J,991,-44,
DDD,2013J,991,-10,
EEE,2013J,992,-14,
DDD,2014B,993,-10,
AAA,2013J,994,-17,
BBB,2014B,995,-48,
BBB,2014B,996,-56,
CCC,2013J,996,-52,
DDD,2013J,997,-27,
AAA,2014B,997,-55,132.0
EEE,2013J,998,-18,
BBB,2014B,998,-14,
AAA,2014B,999,-13,117.0
EEE,2014B,999,-38,
AAA,2014B,1000,-10,
