id_assessment,id_student,date_submitted,is_banked,score
1,9,26,0,29
1,10,28,0,55
1,12,29,0,76
1,16,27,0,24
1,19,24,0,19
1,24,29,0,29
1,29,29,0,58
1,30,27,0,73
1,43,25,0,83
1,49,30,0,84
1,56,30,0,63
1,60,24,0,59
1,69,30,0,65
1,85,26,0,64
1,86,28,0,23
1,93,25,0,10
1,98,24,0,60
1,104,26,0,90
1,117,28,0,81
1,120,28,0,40
1,122,30,0,60
1,123,28,0,91
1,140,27,0,76
1,169,25,0,23
1,181,28,0,41
1,193,28,0,70
1,194,29,0,47
1,228,30,0,54
1,232,28,0,75
1,237,29,0,50
1,242,30,0,78
1,248,25,0,47
1,252,28,0,72
1,257,30,0,78
1,264,28,0,60
1,265,28,0,76
1,270,28,0,65
1,275,26,0,7
1,280,30,0,94
1,285,26,0,46
1,286,25,0,27
1,293,27,0,58
1,298,27,0,56
1,301,29,0,70
1,303,28,0,33
1,307,25,0,64
1,309,28,0,84
1,331,24,0,79
1,345,30,0,65
1,353,24,0,6
1,360,30,0,74
1,363,24,0,2
1,377,27,0,68
1,379,29,0,80
1,393,25,0,56
1,403,24,0,82
1,411,29,0,81
1,412,29,0,79
1,414,26,0,14
1,426,24,0,72
1,429,26,0,56
1,433,29,0,88
1,442,27,0,84
1,447,24,0,46
1,452,24,0,88
1,453,28,0,83
1,456,30,0,75
1,458,28,0,19
1,461,24,0,80
1,464,30,0,78
1,470,27,0,79
1,491,30,0,65
1,492,28,0,62
1,493,27,0,66
1,498,27,0,99
1,509,28,0,58
1,515,25,0,73
1,523,30,0,76
1,533,30,0,84
1,548,27,0,70
1,557,25,0,76
1,565,25,0,81
1,570,27,0,10
1,588,27,0,4
1,591,24,0,96
1,594,24,0,29
1,597,24,0,47
1,602,25,0,76
1,606,26,0,70
1,647,29,0,72
1,651,24,0,9
1,667,28,0,79
1,684,27,0,14
1,688,24,0,8
1,716,29,0,98
1,728,24,0,1
1,732,27,0,79
1,743,26,0,31
1,754,28,0,2
1,756,24,0,1
1,769,30,0,50
1,771,27,0,79
1,774,30,0,83
1,779,30,0,84
1,781,25,0,76
1,796,28,0,84
1,797,24,0,33
1,802,24,0,84
1,809,27,0,66
1,828,30,0,90
1,830,28,0,21
1,832,27,0,23
1,836,29,0,95
1,843,24,0,44
1,858,30,0,11
1,867,25,0,32
1,870,30,0,53
1,897,29,0,81
1,899,25,0,18
1,902,29,0,24
1,908,25,0,78
1,909,24,0,53
1,910,27,0,59
1,914,25,0,35
1,946,27,0,98
1,948,24,0,59
1,952,26,0,60
1,962,26,0,78
1,994,29,0,78
2,9,75,0,51
2,10,69,0,75
2,12,73,0,59
2,16,69,0,46
2,19,75,0,26
2,24,71,0,22
2,29,72,0,50
2,30,71,0,68
2,43,69,0,87
2,49,71,0,66
2,56,75,0,77
2,60,73,0,81
2,69,73,0,84
2,82,72,0,48
2,85,71,0,80
2,86,75,0,13
2,98,74,0,56
2,104,75,0,81
2,117,69,0,78
2,120,74,0,3
2,122,74,0,73
2,123,75,0,79
2,140,71,0,98
2,169,70,0,43
2,181,75,0,18
2,193,73,0,64
2,194,72,0,41
2,228,75,0,47
2,232,72,0,74
2,237,72,0,37
2,242,74,0,82
2,248,71,0,38
2,252,70,0,64
2,257,70,0,81
2,264,70,0,60
2,265,72,0,68
2,270,73,0,84
2,275,74,0,53
2,280,74,0,86
2,285,72,0,15
2,286,75,0,25
2,293,71,0,67
2,294,75,0,18
2,298,72,0,61
2,301,73,0,55
2,303,71,0,51
2,307,75,0,68
2,309,71,0,67
2,331,73,0,56
2,345,71,0,55
2,353,69,0,36
2,360,70,0,73
2,363,70,0,23
2,377,71,0,69
2,379,71,0,59
2,393,74,0,75
2,403,69,0,92
2,411,72,0,84
2,412,75,0,78
2,414,72,0,26
2,426,74,0,64
2,429,72,0,72
2,433,74,0,82
2,442,74,0,74
2,447,71,0,31
2,452,74,0,91
2,453,75,0,61
2,456,75,0,82
2,458,72,0,49
2,461,72,0,77
2,464,72,0,75
2,470,75,0,58
2,491,72,0,60
2,492,70,0,57
2,498,69,0,87
2,509,71,0,61
2,515,75,0,58
2,519,71,0,36
2,523,72,0,73
2,533,70,0,98
2,548,69,0,67
2,557,71,0,83
2,565,75,0,87
2,570,73,0,9
2,591,73,0,87
2,597,75,0,66
2,602,71,0,63
2,606,74,0,55
2,647,71,0,63
2,651,75,0,19
2,667,74,0,63
2,684,72,0,50
2,688,73,0,47
2,716,71,0,90
2,728,70,0,41
2,732,70,0,72
2,743,74,0,5
2,754,70,0,37
2,756,72,0,53
2,769,70,0,12
2,771,69,0,95
2,774,69,0,67
2,779,71,0,86
2,781,75,0,81
2,796,75,0,82
2,797,74,0,2
2,802,70,0,80
2,809,74,0,62
2,828,74,0,78
2,830,72,0,27
2,832,74,0,24
2,836,69,0,87
2,843,74,0,1
2,867,72,0,20
2,897,75,0,77
2,899,73,0,1
2,902,73,0,47
2,908,74,0,76
2,909,72,0,15
2,910,70,0,80
2,914,72,0,44
2,946,74,0,97
2,948,70,0,59
2,952,72,0,59
2,962,70,0,96
2,994,75,0,96
3,9,120,0,37
3,10,114,0,59
3,12,116,0,71
3,16,116,0,48
3,19,114,0,12
3,24,114,0,21
3,30,115,0,75
3,43,118,0,88
3,49,114,0,63
3,56,119,0,75
3,60,115,0,84
3,69,119,0,82
3,85,114,0,64
3,86,120,0,2
3,98,120,0,57
3,104,114,0,79
3,117,117,0,57
3,120,118,0,48
3,122,117,0,77
3,123,115,0,76
3,140,114,0,79
3,169,114,0,52
3,181,114,0,1
3,193,118,0,69
3,194,119,0,21
3,232,118,0,55
3,237,120,0,45
3,242,114,0,80
3,248,115,0,53
3,252,120,0,55
3,257,120,0,83
3,264,115,0,71
3,265,116,0,67
3,270,114,0,60
3,275,119,0,1
3,280,115,0,82
3,285,118,0,24
3,286,119,0,17
3,293,114,0,76
3,298,118,0,60
3,301,116,0,57
3,303,115,0,23
3,307,114,0,56
3,309,114,0,70
3,331,117,0,70
3,345,120,0,82
3,353,117,0,33
3,360,119,0,61
3,363,119,0,5
3,377,114,0,82
3,379,118,0,56
3,393,116,0,63
3,403,115,0,78
3,411,120,0,59
3,412,114,0,61
3,414,118,0,18
3,426,117,0,65
3,429,117,0,77
3,433,115,0,92
3,442,115,0,80
3,447,119,0,24
3,452,120,0,75
3,453,118,0,55
3,456,116,0,75
3,458,118,0,24
3,461,119,0,64
3,464,117,0,66
3,470,120,0,71
3,491,119,0,62
3,492,119,0,80
3,498,116,0,92
3,509,120,0,63
3,515,118,0,56
3,523,115,0,56
3,533,117,0,97
3,548,118,0,76
3,557,114,0,82
3,565,117,0,93
3,570,119,0,49
3,588,118,0,58
3,591,115,0,98
3,602,118,0,79
3,606,119,0,75
3,647,120,0,58
3,651,119,0,11
3,667,115,0,81
3,684,120,0,4
3,688,114,0,4
3,716,116,0,79
3,732,119,0,83
3,743,115,0,28
3,754,119,0,52
3,756,117,0,31
3,769,114,0,41
3,771,115,0,98
3,774,119,0,65
3,779,120,0,93
3,781,118,0,67
3,796,115,0,81
3,797,118,0,19
3,802,114,0,70
3,809,116,0,66
3,828,115,0,89
3,830,114,0,39
3,832,120,0,48
3,836,114,0,95
3,843,115,0,29
3,858,118,0,50
3,867,119,0,35
3,897,118,0,77
3,899,117,0,35
3,902,117,0,24
3,908,115,0,83
3,909,116,0,51
3,910,120,0,75
3,914,120,0,22
3,946,117,0,90
3,948,120,0,79
3,952,118,0,60
3,962,114,0,94
3,994,117,0,78
4,9,225,0,40
4,10,226,0,55
4,12,229,0,80
4,16,229,0,54
4,19,228,0,22
4,24,226,0,48
4,30,229,0,83
4,43,228,0,88
4,49,229,0,65
4,56,229,0,61
4,60,230,0,78
4,69,228,0,68
4,85,229,0,67
4,86,226,0,16
4,98,229,0,57
4,104,225,0,89
4,117,225,0,80
4,120,230,0,8
4,122,225,0,65
4,123,230,0,76
4,140,228,0,92
4,169,229,0,53
4,181,229,0,36
4,193,227,0,66
4,194,228,0,46
4,232,228,0,81
4,237,225,0,4
4,242,224,0,67
4,248,230,0,41
4,252,227,0,68
4,257,224,0,74
4,264,224,0,66
4,265,229,0,80
4,270,230,0,65
4,275,229,0,10
4,280,228,0,87
4,285,229,0,53
4,286,226,0,25
4,293,226,0,75
4,298,230,0,62
4,301,229,0,60
4,303,230,0,12
4,307,225,0,82
4,309,224,0,69
4,331,227,0,70
4,345,229,0,82
4,353,230,0,16
4,360,225,0,66
4,363,227,0,50
4,377,227,0,80
4,379,225,0,76
4,393,230,0,66
4,403,226,0,94
4,411,228,0,75
4,412,229,0,56
4,414,230,0,46
4,426,228,0,64
4,429,230,0,83
4,433,226,0,88
4,442,230,0,81
4,447,227,0,31
4,452,228,0,76
4,453,226,0,55
4,456,227,0,55
4,458,230,0,10
4,461,228,0,68
4,464,226,0,65
4,470,229,0,61
4,491,225,0,69
4,492,230,0,74
4,498,229,0,89
4,509,226,0,62
4,515,228,0,64
4,523,227,0,57
4,533,230,0,88
4,548,226,0,63
4,557,230,0,82
4,565,228,0,80
4,570,227,0,31
4,591,224,0,84
4,602,227,0,77
4,606,227,0,70
4,647,225,0,60
4,651,224,0,40
4,667,226,0,59
4,684,230,0,5
4,688,230,0,16
4,716,225,0,98
4,732,230,0,67
4,743,229,0,13
4,754,228,0,25
4,756,227,0,25
4,769,229,0,2
4,771,225,0,76
4,774,227,0,61
4,779,225,0,91
4,781,227,0,61
4,796,230,0,60
4,797,227,0,51
4,802,229,0,84
4,809,229,0,58
4,828,228,0,79
4,830,229,0,9
4,832,230,0,14
4,836,226,0,75
4,843,225,0,36
4,867,225,0,21
4,897,224,0,74
4,899,228,0,16
4,902,224,0,44
4,908,227,0,80
4,909,226,0,21
4,910,230,0,64
4,914,229,0,4
4,946,227,0,91
4,948,224,0,76
4,952,226,0,79
4,962,228,0,82
4,994,228,0,83
5,4,30,0,73
5,5,24,0,97
5,18,24,0,94
5,21,24,0,91
5,41,25,0,80
5,45,25,0,57
5,48,28,0,95
5,50,26,0,82
5,66,29,0,25
5,77,29,0,60
5,91,30,0,78
5,92,26,0,73
5,96,29,0,60
5,99,28,0,4
5,105,25,0,10
5,112,25,0,87
5,116,24,0,62
5,118,28,0,66
5,125,24,0,95
5,136,25,0,59
5,143,26,0,56
5,148,28,0,35
5,165,25,0,83
5,172,29,0,33
5,185,27,0,59
5,198,30,0,44
5,225,28,0,55
5,226,28,0,90
5,231,29,0,63
5,249,24,0,19
5,258,30,0,22
5,289,26,0,43
5,304,24,0,57
5,305,29,0,53
5,316,24,0,90
5,327,29,0,22
5,328,30,0,59
5,329,24,0,97
5,334,25,0,82
5,337,30,0,93
5,342,25,0,47
5,354,26,0,84
5,372,29,0,79
5,374,27,0,93
5,387,29,0,58
5,390,28,0,55
5,416,27,0,58
5,421,29,0,63
5,435,24,0,83
5,437,24,0,5
5,439,27,0,85
5,440,26,0,88
5,444,30,0,76
5,445,28,0,56
5,449,29,0,79
5,476,27,0,0
5,487,24,0,40
5,495,27,0,96
5,500,29,0,70
5,503,26,0,90
5,505,28,0,21
5,528,24,0,75
5,544,27,0,78
5,555,29,0,84
5,580,24,0,71
5,583,26,0,72
5,620,29,0,83
5,629,29,0,0
5,641,25,0,71
5,643,28,0,83
5,656,27,0,71
5,658,25,0,98
5,659,25,0,66
5,685,29,0,6
5,697,24,0,49
5,705,25,0,96
5,706,27,0,81
5,714,28,0,45
5,733,26,0,56
5,735,28,0,55
5,745,25,0,56
5,749,27,0,57
5,762,28,0,74
5,776,30,0,80
5,777,26,0,84
5,794,24,0,29
5,798,28,0,32
5,811,30,0,52
5,819,29,0,4
5,820,24,0,12
5,823,29,0,17
5,835,26,0,13
5,852,29,0,81
5,854,29,0,74
5,864,27,0,3
5,871,27,0,85
5,883,30,0,65
5,884,28,0,64
5,885,24,0,60
5,888,24,0,64
5,889,26,0,21
5,890,30,0,80
5,894,27,0,95
5,900,27,0,53
5,905,26,0,84
5,911,29,0,54
5,922,25,0,76
5,923,25,0,74
5,926,27,0,51
5,934,25,0,17
5,936,30,0,98
5,938,30,0,37
5,942,26,0,69
5,943,29,0,80
5,945,28,0,72
5,954,30,0,87
5,958,26,0,49
5,959,28,0,38
5,969,30,0,31
5,972,24,0,14
5,975,30,0,60
5,990,27,0,71
5,997,27,0,30
5,999,30,0,66
5,1000,26,0,81
6,4,75,0,65
6,5,75,0,86
6,18,71,0,83
6,21,74,0,89
6,41,71,0,63
6,45,71,0,82
6,48,71,0,98
6,50,74,0,84
6,66,69,0,21
6,77,70,0,82
6,91,72,0,59
6,92,72,0,61
6,96,75,0,80
6,99,72,0,52
6,105,69,0,12
6,112,72,0,80
6,116,73,0,66
6,118,70,0,65
6,125,74,0,75
6,136,69,0,77
6,143,71,0,58
6,165,73,0,89
6,172,75,0,9
6,185,74,0,23
6,198,70,0,51
6,212,71,0,59
6,225,71,0,57
6,226,70,0,86
6,231,73,0,61
6,240,73,0,14
6,249,72,0,45
6,258,69,0,6
6,289,74,0,29
6,304,70,0,78
6,305,72,0,50
6,316,73,0,97
6,327,70,0,48
6,328,73,0,73
6,329,74,0,89
6,334,74,0,60
6,337,73,0,86
6,342,73,0,37
6,354,71,0,74
6,372,74,0,81
6,374,72,0,88
6,387,72,0,81
6,390,73,0,74
6,416,71,0,77
6,421,69,0,62
6,435,75,0,80
6,437,69,0,23
6,439,75,0,99
6,440,71,0,84
6,444,73,0,82
6,445,75,0,75
6,449,70,0,62
6,476,74,0,38
6,495,72,0,80
6,500,70,0,75
6,503,71,0,95
6,505,72,0,3
6,528,73,0,94
6,544,75,0,72
6,555,74,0,66
6,580,72,0,61
6,583,70,0,55
6,620,74,0,58
6,629,69,0,46
6,641,69,0,57
6,643,69,0,60
6,656,70,0,69
6,658,70,0,82
6,659,74,0,55
6,685,71,0,23
6,697,73,0,44
6,705,69,0,78
6,706,73,0,86
6,713,70,0,43
6,714,69,0,57
6,733,71,0,58
6,735,73,0,63
6,745,74,0,76
6,749,73,0,71
6,751,69,0,43
6,762,74,0,61
6,776,69,0,73
6,777,72,0,61
6,794,74,0,38
6,798,72,0,53
6,811,72,0,29
6,819,71,0,31
6,820,75,0,41
6,823,71,0,22
6,852,69,0,84
6,854,73,0,79
6,864,71,0,41
6,871,71,0,81
6,883,73,0,69
6,884,75,0,64
6,885,70,0,65
6,888,70,0,82
6,889,73,0,33
6,890,73,0,87
6,894,73,0,84
6,900,70,0,14
6,905,70,0,55
6,922,73,0,72
6,923,70,0,62
6,926,70,0,2
6,936,75,0,80
6,938,74,0,45
6,942,75,0,60
6,943,75,0,61
6,945,73,0,56
6,954,71,0,88
6,958,69,0,40
6,969,69,0,47
6,972,74,0,38
6,975,70,0,75
6,990,75,0,71
6,1000,75,0,81
7,4,115,0,77
7,5,116,0,91
7,18,117,0,85
7,21,116,0,78
7,41,120,0,81
7,45,118,0,82
7,48,118,0,78
7,50,118,0,87
7,66,119,0,20
7,77,114,0,55
7,91,114,0,77
7,92,115,0,60
7,95,120,0,58
7,96,114,0,71
7,99,117,0,12
7,105,119,0,10
7,112,115,0,81
7,116,120,0,78
7,118,120,0,71
7,125,117,0,86
7,136,115,0,57
7,143,117,0,80
7,165,116,0,90
7,172,120,0,27
7,198,119,0,31
7,225,117,0,65
7,226,114,0,99
7,231,116,0,75
7,258,117,0,2
7,289,115,0,50
7,304,120,0,76
7,305,120,0,24
7,316,117,0,80
7,327,118,0,35
7,328,120,0,66
7,329,120,0,76
7,334,114,0,84
7,337,118,0,84
7,342,117,0,51
7,354,120,0,76
7,364,114,0,53
7,372,120,0,81
7,374,117,0,97
7,387,115,0,75
7,390,120,0,64
7,416,118,0,71
7,421,115,0,79
7,435,117,0,66
7,437,116,0,11
7,439,120,0,90
7,440,116,0,97
7,444,116,0,69
7,445,118,0,62
7,449,119,0,75
7,476,119,0,7
7,495,119,0,81
7,500,117,0,79
7,503,120,0,85
7,505,118,0,35
7,528,118,0,85
7,544,119,0,80
7,555,118,0,80
7,580,118,0,68
7,583,119,0,78
7,620,119,0,81
7,629,119,0,1
7,641,114,0,77
7,643,117,0,76
7,656,120,0,65
7,658,115,0,92
7,659,114,0,71
7,685,118,0,11
7,697,114,0,15
7,705,119,0,80
7,706,119,0,76
7,733,120,0,61
7,735,118,0,58
7,745,114,0,74
7,749,117,0,72
7,762,118,0,83
7,776,117,0,65
7,777,114,0,65
7,794,119,0,16
7,798,117,0,49
7,811,117,0,41
7,819,118,0,47
7,820,118,0,7
7,823,115,0,21
7,835,114,0,65
7,852,120,0,76
7,854,115,0,83
7,864,117,0,24
7,871,120,0,78
7,883,116,0,57
7,884,115,0,55
7,885,120,0,73
7,888,115,0,64
7,889,117,0,29
7,890,119,0,84
7,894,115,0,90
7,900,114,0,28
7,905,118,0,70
7,922,119,0,66
7,923,115,0,58
7,926,120,0,34
7,936,118,0,92
7,938,117,0,38
7,942,118,0,60
7,943,118,0,55
7,945,117,0,76
7,954,114,0,92
7,958,116,0,25
7,969,115,0,4
7,972,115,0,37
7,975,117,0,79
7,990,117,0,56
7,997,117,0,28
7,1000,116,0,83
8,4,225,0,81
8,5,230,0,97
8,18,227,0,79
8,21,226,0,87
8,41,229,0,67
8,45,224,0,69
8,48,229,0,92
8,50,224,0,76
8,66,226,0,42
8,77,227,0,65
8,91,225,0,69
8,92,230,0,77
8,96,229,0,65
8,99,229,0,47
8,105,226,0,11
8,112,228,0,83
8,116,226,0,75
8,118,225,0,60
8,125,228,0,85
8,136,228,0,81
8,143,224,0,64
8,165,226,0,89
8,172,226,0,22
8,198,224,0,33
8,225,228,0,67
8,226,224,0,83
8,231,225,0,60
8,258,230,0,4
8,289,224,0,21
8,304,229,0,63
8,305,226,0,27
8,316,229,0,92
8,327,226,0,0
8,328,228,0,72
8,329,228,0,76
8,334,228,0,58
8,337,230,0,77
8,342,227,0,9
8,354,224,0,56
8,372,228,0,69
8,374,229,0,93
8,387,227,0,78
8,390,227,0,68
8,416,228,0,79
8,421,224,0,57
8,435,224,0,71
8,437,228,0,25
8,439,227,0,92
8,440,225,0,88
8,444,224,0,60
8,445,230,0,83
8,449,228,0,76
8,476,227,0,16
8,495,224,0,86
8,500,227,0,58
8,503,226,0,90
8,505,229,0,23
8,528,225,0,100
8,544,224,0,83
8,555,224,0,64
8,580,227,0,77
8,583,230,0,72
8,620,229,0,76
8,629,228,0,16
8,641,230,0,55
8,643,227,0,58
8,656,227,0,68
8,658,226,0,83
8,659,227,0,82
8,685,230,0,47
8,697,228,0,2
8,705,229,0,82
8,706,228,0,80
8,733,226,0,74
8,735,225,0,80
8,745,226,0,83
8,749,230,0,66
8,762,230,0,63
8,776,230,0,73
8,777,227,0,76
8,794,228,0,31
8,798,230,0,13
8,811,226,0,53
8,819,227,0,11
8,820,225,0,23
8,823,227,0,33
8,852,227,0,75
8,854,229,0,70
8,864,224,0,51
8,871,229,0,78
8,883,227,0,69
8,884,228,0,84
8,885,227,0,60
8,888,230,0,63
8,889,224,0,34
8,890,224,0,79
8,894,229,0,83
8,900,229,0,2
8,905,227,0,75
8,922,226,0,70
8,923,227,0,64
8,926,225,0,14
8,936,224,0,88
8,938,225,0,12
8,942,225,0,62
8,943,225,0,71
8,945,228,0,71
8,954,230,0,75
8,958,230,0,23
8,972,229,0,24
8,975,225,0,79
8,990,230,0,61
8,1000,230,0,73
9,7,28,0,71
9,11,25,0,64
9,25,26,0,80
9,53,29,0,56
9,59,24,0,78
9,62,28,0,71
9,65,28,0,80
9,66,24,0,54
9,77,28,0,75
9,81,24,0,81
9,87,27,0,61
9,101,24,0,69
9,102,27,0,50
9,108,30,0,27
9,109,24,0,80
9,113,30,0,15
9,122,24,0,69
9,128,24,0,11
9,152,28,0,81
9,153,26,0,94
9,159,30,0,85
9,162,26,0,2
9,172,29,0,82
9,173,25,0,97
9,177,29,0,25
9,183,27,0,6
9,199,26,0,64
9,205,27,0,69
9,206,24,0,64
9,208,30,0,21
9,210,27,0,19
9,211,24,0,65
9,233,30,0,33
9,234,25,0,22
9,236,27,0,75
9,238,26,0,12
9,241,28,0,83
9,243,26,0,46
9,250,30,0,79
9,266,28,0,60
9,275,26,0,28
9,279,26,0,6
9,282,27,0,11
9,287,28,0,78
9,288,29,0,81
9,294,25,0,65
9,309,28,0,70
9,312,28,0,76
9,315,28,0,47
9,317,24,0,41
9,318,29,0,54
9,320,30,0,47
9,321,29,0,64
9,322,28,0,43
9,330,28,0,80
9,348,29,0,60
9,354,30,0,57
9,370,27,0,63
9,385,24,0,76
9,391,29,0,77
9,396,27,0,23
9,400,25,0,83
9,405,29,0,42
9,409,29,0,95
9,419,26,0,81
9,423,25,0,81
9,425,25,0,58
9,431,24,0,56
9,437,29,0,43
9,445,30,0,24
9,448,24,0,93
9,451,24,0,70
9,457,25,0,31
9,489,24,0,20
9,497,29,0,69
9,504,27,0,61
9,511,24,0,11
9,512,30,0,89
9,513,27,0,56
9,518,24,0,34
9,521,25,0,60
9,526,25,0,79
9,529,24,0,58
9,538,24,0,69
9,539,26,0,34
9,543,24,0,64
9,550,27,0,76
9,556,27,0,98
9,558,27,0,21
9,565,28,0,93
9,569,28,0,20
9,571,29,0,60
9,573,26,0,98
9,583,30,0,26
9,593,24,0,12
9,599,25,0,54
9,601,28,0,93
9,611,27,0,9
9,616,30,0,33
9,626,25,0,70
9,632,27,0,75
9,634,29,0,17
9,640,24,0,37
9,641,29,0,44
9,642,30,0,69
9,652,24,0,44
9,664,28,0,75
9,666,29,0,51
9,678,27,0,71
9,682,27,0,31
9,690,29,0,70
9,694,27,0,22
9,696,24,0,49
9,702,29,0,42
9,723,30,0,60
9,725,24,0,84
9,726,29,0,30
9,738,29,0,52
9,741,29,0,40
9,742,25,0,56
9,752,24,0,32
9,764,24,0,3
9,767,25,0,90
9,770,24,0,64
9,775,25,0,70
9,778,27,0,78
9,800,27,0,54
9,803,25,0,81
9,808,30,0,96
9,817,29,0,67
9,818,25,0,74
9,826,30,0,96
9,857,26,0,4
9,862,29,0,69
9,863,27,0,6
9,871,30,0,46
9,886,25,0,76
9,892,28,0,17
9,904,25,0,7
9,913,26,0,65
9,915,30,0,80
9,927,26,0,80
9,938,25,0,61
9,939,26,0,46
9,942,27,0,76
9,944,26,0,73
9,967,30,0,32
9,969,25,0,76
9,977,27,0,63
9,984,30,0,72
10,7,70,0,62
10,11,72,0,68
10,25,72,0,83
10,43,75,0,60
10,53,75,0,67
10,59,69,0,64
10,62,71,0,84
10,65,72,0,78
10,66,70,0,48
10,77,72,0,79
10,81,74,0,90
10,87,75,0,81
10,101,73,0,66
10,102,70,0,45
10,108,71,0,51
10,109,73,0,56
10,113,69,0,19
10,122,70,0,55
10,128,71,0,34
10,152,72,0,94
10,153,72,0,79
10,159,72,0,77
10,162,72,0,36
10,172,70,0,55
10,173,74,0,83
10,177,71,0,9
10,183,70,0,47
10,199,71,0,74
10,205,72,0,79
10,206,75,0,68
10,208,71,0,27
10,210,75,0,12
10,211,71,0,57
10,233,73,0,47
10,234,73,0,27
10,236,74,0,71
10,238,75,0,17
10,241,74,0,77
10,243,71,0,8
10,250,74,0,83
10,275,75,0,16
10,279,69,0,44
10,282,73,0,27
10,287,72,0,70
10,288,72,0,61
10,294,73,0,84
10,309,70,0,56
10,312,72,0,80
10,315,73,0,41
10,317,73,0,23
10,318,73,0,17
10,320,73,0,8
10,321,71,0,74
10,322,70,0,41
10,330,69,0,80
10,348,71,0,62
10,354,70,0,83
10,370,75,0,74
10,385,70,0,74
10,391,73,0,56
10,396,73,0,6
10,400,72,0,85
10,405,69,0,19
10,409,69,0,90
10,419,70,0,59
10,423,75,0,81
10,425,69,0,70
10,431,75,0,59
10,437,70,0,19
10,445,75,0,21
10,448,71,0,100
10,451,71,0,75
10,457,73,0,53
10,489,73,0,37
10,497,72,0,60
10,504,72,0,60
10,511,75,0,2
10,512,70,0,95
10,513,70,0,84
10,518,70,0,29
10,521,69,0,73
10,526,74,0,93
10,529,69,0,62
10,538,71,0,81
10,539,73,0,53
10,543,72,0,69
10,550,70,0,89
10,556,75,0,81
10,558,71,0,25
10,565,74,0,94
10,569,74,0,18
10,571,70,0,84
10,573,74,0,99
10,583,70,0,1
10,593,73,0,31
10,599,71,0,50
10,601,69,0,81
10,616,69,0,54
10,626,70,0,60
10,632,71,0,67
10,634,73,0,1
10,640,71,0,50
10,641,74,0,18
10,642,70,0,79
10,652,73,0,1
10,664,70,0,100
10,666,69,0,19
10,678,72,0,60
10,682,73,0,34
10,690,75,0,62
10,694,74,0,53
10,696,73,0,48
10,723,71,0,73
10,725,73,0,71
10,738,74,0,4
10,741,70,0,28
10,764,69,0,24
10,767,74,0,92
10,770,72,0,67
10,775,75,0,72
10,778,72,0,87
10,800,73,0,11
10,803,69,0,76
10,808,70,0,75
10,817,71,0,59
10,818,72,0,55
10,826,75,0,100
10,857,75,0,46
10,862,69,0,66
10,871,74,0,2
10,886,69,0,80
10,892,70,0,35
10,904,73,0,25
10,913,69,0,66
10,915,72,0,82
10,927,70,0,71
10,938,70,0,69
10,939,70,0,1
10,942,73,0,59
10,944,69,0,64
10,967,69,0,10
10,969,74,0,69
10,977,73,0,59
10,984,71,0,62
11,7,120,0,65
11,11,120,0,69
11,25,118,0,93
11,53,114,0,76
11,59,118,0,58
11,62,119,0,72
11,65,120,0,64
11,66,116,0,29
11,77,120,0,84
11,81,115,0,88
11,87,119,0,61
11,101,119,0,57
11,108,118,0,29
11,109,116,0,61
11,113,120,0,2
11,122,114,0,56
11,128,115,0,21
11,152,114,0,88
11,153,119,0,96
11,159,116,0,85
11,162,120,0,2
11,172,119,0,62
11,173,119,0,85
11,177,114,0,0
11,183,117,0,3
11,199,119,0,82
11,205,119,0,65
11,206,116,0,77
11,208,118,0,46
11,210,114,0,38
11,211,115,0,71
11,233,118,0,51
11,234,118,0,15
11,236,114,0,74
11,238,119,0,32
11,241,114,0,56
11,243,118,0,45
11,250,116,0,61
11,275,120,0,41
11,279,115,0,40
11,282,115,0,11
11,287,117,0,77
11,288,117,0,84
11,294,115,0,76
11,296,114,0,58
11,305,115,0,1
11,309,119,0,64
11,312,119,0,72
11,315,117,0,15
11,317,117,0,4
11,318,116,0,30
11,320,114,0,19
11,321,120,0,64
11,322,120,0,12
11,330,116,0,72
11,331,119,0,14
11,348,116,0,64
11,354,118,0,84
11,370,115,0,57
11,385,118,0,64
11,391,120,0,60
11,396,116,0,5
11,400,115,0,81
11,405,117,0,43
11,409,119,0,81
11,419,120,0,82
11,423,120,0,97
11,425,117,0,72
11,431,118,0,61
11,437,118,0,53
11,445,119,0,28
11,448,116,0,85
11,451,115,0,56
11,457,114,0,39
11,489,120,0,5
11,497,120,0,78
11,504,118,0,62
11,512,117,0,84
11,513,114,0,74
11,518,116,0,15
11,521,117,0,70
11,526,120,0,79
11,529,119,0,73
11,538,114,0,79
11,539,120,0,45
11,543,118,0,75
11,550,116,0,80
11,556,119,0,91
11,558,116,0,11
11,565,117,0,83
11,569,120,0,51
11,571,120,0,57
11,573,114,0,96
11,583,115,0,9
11,593,117,0,38
11,599,117,0,36
11,601,118,0,90
11,616,118,0,36
11,626,116,0,71
11,632,119,0,60
11,634,120,0,52
11,640,116,0,29
11,641,120,0,41
11,642,118,0,81
11,652,119,0,28
11,664,117,0,91
11,666,116,0,33
11,678,119,0,82
11,682,118,0,0
11,690,117,0,80
11,694,115,0,38
11,696,119,0,45
11,723,120,0,56
11,725,115,0,75
11,738,116,0,15
11,741,119,0,21
11,764,114,0,27
11,767,115,0,96
11,770,119,0,79
11,775,114,0,56
11,778,120,0,95
11,800,117,0,34
11,803,119,0,66
11,808,120,0,81
11,817,117,0,73
11,818,118,0,63
11,826,119,0,88
11,862,117,0,75
11,863,119,0,48
11,886,117,0,62
11,892,117,0,37
11,904,115,0,24
11,913,119,0,77
11,915,119,0,81
11,927,119,0,73
11,938,116,0,79
11,939,120,0,2
11,942,117,0,82
11,944,117,0,80
11,967,116,0,7
11,969,119,0,65
11,977,118,0,57
11,984,120,0,77
12,7,225,0,66
12,11,226,0,73
12,25,226,0,97
12,53,227,0,68
12,59,229,0,58
12,62,229,0,64
12,65,228,0,66
12,66,230,0,7
12,77,224,0,68
12,81,225,0,80
12,87,230,0,56
12,101,227,0,83
12,108,229,0,4
12,109,224,0,73
12,113,229,0,38
12,122,224,0,71
12,128,225,0,25
12,152,227,0,85
12,153,225,0,94
12,159,228,0,82
12,162,225,0,31
12,172,230,0,73
12,173,229,0,98
12,177,230,0,11
12,183,229,0,22
12,199,227,0,70
12,205,225,0,77
12,206,230,0,61
12,208,226,0,23
12,210,226,0,54
12,211,230,0,74
12,233,229,0,30
12,234,229,0,54
12,236,226,0,55
12,238,226,0,24
12,241,225,0,83
12,243,229,0,45
12,250,228,0,82
12,275,230,0,47
12,279,227,0,19
12,282,224,0,39
12,287,226,0,65
12,288,224,0,60
12,294,225,0,73
12,309,225,0,69
12,312,229,0,83
12,315,226,0,45
12,317,230,0,10
12,318,227,0,34
12,320,229,0,2
12,321,225,0,75
12,322,226,0,51
12,330,225,0,75
12,348,228,0,69
12,354,224,0,55
12,370,225,0,74
12,385,229,0,56
12,391,230,0,55
12,396,229,0,2
12,400,225,0,78
12,405,230,0,32
12,409,225,0,99
12,419,229,0,74
12,423,224,0,90
12,425,225,0,82
12,431,228,0,58
12,437,225,0,14
12,445,229,0,32
12,448,228,0,97
12,451,225,0,57
12,457,230,0,44
12,489,229,0,49
12,497,225,0,80
12,504,224,0,79
12,512,225,0,81
12,513,224,0,80
12,518,227,0,43
12,521,230,0,62
12,526,225,0,76
12,529,226,0,78
12,538,226,0,70
12,539,227,0,4
12,543,226,0,84
12,550,229,0,92
12,556,228,0,79
12,558,228,0,12
12,565,230,0,91
12,569,225,0,49
12,571,225,0,66
12,573,229,0,100
12,583,229,0,19
12,593,224,0,6
12,599,224,0,9
12,601,228,0,91
12,616,228,0,33
12,626,224,0,75
12,632,230,0,72
12,634,230,0,3
12,640,230,0,48
12,641,225,0,48
12,642,227,0,70
12,652,224,0,24
12,664,230,0,89
12,666,230,0,18
12,678,230,0,69
12,682,227,0,4
12,690,225,0,67
12,694,226,0,42
12,696,229,0,37
12,723,230,0,74
12,725,226,0,59
12,738,230,0,48
12,741,226,0,26
12,764,224,0,36
12,767,229,0,90
12,770,229,0,60
12,775,229,0,67
12,778,227,0,95
12,800,229,0,10
12,803,229,0,75
12,808,225,0,82
12,817,227,0,73
12,818,230,0,71
12,826,226,0,84
12,862,228,0,68
12,886,227,0,58
12,892,224,0,47
12,904,228,0,8
12,913,230,0,77
12,915,227,0,72
12,927,227,0,73
12,938,230,0,63
12,939,227,0,0
12,942,228,0,73
12,944,227,0,64
12,967,225,0,17
12,969,229,0,64
12,977,230,0,72
12,984,224,0,84
13,1,29,0,7
13,4,29,0,77
13,8,26,0,63
13,10,25,0,69
13,14,26,0,4
13,15,27,0,96
13,35,24,0,61
13,39,30,0,81
13,44,30,0,12
13,47,27,0,63
13,48,29,0,87
13,49,26,0,83
13,52,30,0,61
13,56,27,0,58
13,67,27,0,25
13,68,26,0,15
13,70,27,0,76
13,83,29,0,37
13,92,28,0,77
13,94,30,0,24
13,100,29,0,83
13,107,29,0,72
13,110,27,0,99
13,121,30,0,79
13,124,24,0,55
13,129,28,0,11
13,133,28,0,87
13,138,30,0,26
13,146,28,0,82
13,149,30,0,71
13,150,29,0,67
13,151,24,0,16
13,158,26,0,57
13,163,28,0,68
13,175,27,0,84
13,176,29,0,70
13,182,29,0,12
13,186,29,0,60
13,192,26,0,59
13,197,24,0,5
13,200,30,0,10
13,201,27,0,86
13,202,24,0,29
13,203,29,0,74
13,220,24,0,59
13,222,25,0,28
13,224,26,0,36
13,251,29,0,77
13,254,27,0,73
13,259,29,0,56
13,260,27,0,64
13,262,29,0,45
13,271,28,0,36
13,276,25,0,47
13,278,26,0,44
13,292,29,0,33
13,297,30,0,66
13,308,27,0,73
13,310,28,0,82
13,326,25,0,47
13,329,28,0,61
13,333,24,0,95
13,342,29,0,37
13,343,30,0,55
13,349,30,0,80
13,351,25,0,68
13,357,27,0,37
13,367,25,0,43
13,371,29,0,92
13,373,28,0,34
13,375,30,0,77
13,399,29,0,55
13,422,30,0,14
13,430,27,0,75
13,441,30,0,91
13,460,26,0,85
13,463,27,0,24
13,475,29,0,99
13,483,30,0,67
13,492,30,0,95
13,499,27,0,51
13,501,25,0,75
13,508,28,0,81
13,524,26,0,65
13,534,29,0,2
13,540,28,0,32
13,553,26,0,87
13,561,24,0,72
13,568,24,0,92
13,577,27,0,74
13,587,24,0,51
13,592,27,0,39
13,604,29,0,67
13,606,30,0,70
13,607,26,0,84
13,608,24,0,68
13,609,27,0,60
13,612,29,0,53
13,613,24,0,31
13,624,28,0,80
13,645,27,0,30
13,649,30,0,80
13,650,29,0,58
13,653,24,0,5
13,667,24,0,2
13,675,26,0,0
13,680,29,0,76
13,689,24,0,69
13,691,30,0,69
13,701,25,0,2
13,706,25,0,100
13,712,28,0,58
13,716,30,0,79
13,717,29,0,65
13,728,27,0,1
13,730,30,0,47
13,733,29,0,9
13,735,26,0,81
13,737,26,0,38
13,747,25,0,27
13,750,30,0,98
13,751,28,0,83
13,758,27,0,67
13,769,26,0,55
13,773,30,0,69
13,781,29,0,77
13,784,30,0,69
13,788,26,0,68
13,799,27,0,97
13,812,25,0,53
13,820,27,0,58
13,834,25,0,74
13,847,27,0,55
13,868,25,0,92
13,869,25,0,29
13,875,27,0,83
13,883,24,0,96
13,887,27,0,88
13,893,27,0,47
13,896,27,0,66
13,903,26,0,82
13,916,25,0,79
13,924,24,0,5
13,925,26,0,54
13,926,28,0,71
13,931,26,0,21
13,935,28,0,8
13,940,27,0,70
13,946,26,0,56
13,947,28,0,67
13,950,27,0,66
13,951,27,0,9
13,958,28,0,78
13,963,25,0,39
13,965,25,0,3
13,968,24,0,61
13,979,28,0,88
13,982,26,0,44
13,995,30,0,59
13,996,28,0,83
13,998,24,0,64
14,1,71,0,51
14,4,69,0,91
14,8,69,0,78
14,10,75,0,60
14,14,74,0,34
14,15,71,0,79
14,35,73,0,79
14,39,75,0,55
14,47,73,0,80
14,48,72,0,95
14,49,72,0,96
14,52,69,0,62
14,56,72,0,65
14,67,71,0,32
14,68,70,0,15
14,70,69,0,68
14,83,71,0,5
14,92,70,0,58
14,94,70,0,39
14,100,75,0,73
14,107,72,0,57
14,110,71,0,87
14,121,74,0,81
14,124,74,0,65
14,129,73,0,46
14,133,74,0,84
14,138,69,0,5
14,146,74,0,88
14,149,75,0,64
14,150,74,0,62
14,151,70,0,47
14,158,71,0,64
14,163,70,0,84
14,175,70,0,86
14,176,70,0,71
14,182,73,0,4
14,186,69,0,59
14,192,75,0,67
14,197,72,0,32
14,200,72,0,45
14,201,70,0,99
14,202,75,0,40
14,203,71,0,57
14,220,72,0,66
14,222,69,0,17
14,251,73,0,55
14,254,72,0,76
14,259,69,0,71
14,260,72,0,56
14,262,69,0,4
14,271,72,0,26
14,276,71,0,39
14,278,70,0,25
14,292,73,0,31
14,297,69,0,60
14,308,70,0,79
14,310,69,0,79
14,326,71,0,15
14,329,74,0,66
14,333,70,0,92
14,342,70,0,1
14,343,73,0,56
14,349,73,0,83
14,351,72,0,66
14,357,75,0,8
14,367,75,0,15
14,371,72,0,89
14,373,69,0,21
14,375,70,0,58
14,399,70,0,68
14,422,70,0,24
14,430,72,0,76
14,441,69,0,92
14,460,74,0,97
14,463,73,0,50
14,475,72,0,87
14,483,73,0,73
14,492,74,0,94
14,499,71,0,31
14,501,71,0,83
14,508,74,0,57
14,524,69,0,83
14,534,74,0,40
14,540,74,0,24
14,553,72,0,80
14,561,73,0,60
14,568,70,0,77
14,577,71,0,64
14,587,72,0,8
14,604,70,0,59
14,606,70,0,78
14,607,73,0,91
14,608,72,0,80
14,609,72,0,60
14,612,74,0,10
14,613,70,0,22
14,624,72,0,83
14,649,73,0,78
14,650,69,0,82
14,653,74,0,38
14,675,69,0,33
14,680,71,0,76
14,689,74,0,56
14,691,69,0,74
14,701,73,0,9
14,706,72,0,96
14,712,73,0,84
14,716,74,0,96
14,717,73,0,75
14,728,70,0,12
14,730,70,0,24
14,733,75,0,20
14,735,71,0,100
14,737,70,0,52
14,747,71,0,6
14,750,72,0,87
14,751,71,0,77
14,758,72,0,60
14,769,75,0,66
14,773,72,0,72
14,781,72,0,85
14,784,69,0,65
14,788,73,0,63
14,799,75,0,91
14,812,73,0,48
14,820,75,0,73
14,834,69,0,71
14,847,69,0,72
14,868,75,0,89
14,869,74,0,9
14,875,73,0,76
14,883,73,0,88
14,887,75,0,75
14,896,69,0,78
14,903,70,0,74
14,916,73,0,79
14,924,75,0,31
14,925,71,0,41
14,926,70,0,65
14,931,69,0,18
14,935,75,0,45
14,940,75,0,77
14,946,73,0,67
14,947,74,0,55
14,950,72,0,72
14,951,75,0,44
14,958,74,0,58
14,963,72,0,3
14,965,75,0,8
14,968,69,0,75
14,979,72,0,94
14,982,74,0,52
14,995,69,0,57
14,996,71,0,80
14,998,69,0,69
15,1,117,0,35
15,4,120,0,75
15,8,117,0,58
15,10,114,0,76
15,14,120,0,24
15,15,117,0,100
15,35,116,0,82
15,39,118,0,64
15,47,115,0,69
15,48,114,0,91
15,49,116,0,77
15,52,114,0,70
15,56,120,0,61
15,67,118,0,32
15,68,119,0,39
15,70,119,0,78
15,83,118,0,23
15,92,116,0,61
15,94,117,0,24
15,100,115,0,81
15,107,118,0,79
15,110,116,0,85
15,121,120,0,66
15,124,118,0,73
15,129,120,0,46
15,133,118,0,90
15,138,118,0,10
15,146,119,0,84
15,149,116,0,74
15,150,114,0,77
15,151,116,0,24
15,158,116,0,62
15,163,119,0,69
15,175,116,0,86
15,176,118,0,83
15,182,120,0,22
15,186,119,0,62
15,192,116,0,67
15,197,120,0,53
15,200,114,0,9
15,201,115,0,88
15,202,115,0,10
15,203,118,0,84
15,220,116,0,83
15,222,117,0,47
15,251,120,0,84
15,254,119,0,59
15,259,120,0,61
15,260,115,0,74
15,262,117,0,10
15,271,118,0,24
15,276,119,0,23
15,278,118,0,26
15,292,116,0,28
15,297,114,0,65
15,308,117,0,73
15,310,116,0,61
15,326,115,0,25
15,329,118,0,60
15,333,117,0,88
15,342,117,0,35
15,343,120,0,62
15,349,120,0,56
15,351,117,0,65
15,357,115,0,19
15,367,117,0,38
15,371,116,0,98
15,373,119,0,45
15,375,119,0,78
15,399,117,0,84
15,422,116,0,18
15,430,119,0,84
15,441,118,0,82
15,460,117,0,96
15,463,117,0,14
15,475,117,0,86
15,483,114,0,76
15,492,119,0,95
15,499,114,0,29
15,501,114,0,62
15,508,116,0,74
15,509,116,0,7
15,524,119,0,77
15,534,118,0,4
15,540,120,0,3
15,553,118,0,100
15,561,115,0,72
15,568,117,0,98
15,577,115,0,75
15,587,114,0,20
15,592,120,0,0
15,604,115,0,83
15,606,117,0,69
15,607,118,0,94
15,608,120,0,68
15,609,119,0,73
15,612,120,0,3
15,613,116,0,42
15,624,118,0,76
15,649,120,0,67
15,650,119,0,71
15,653,117,0,52
15,675,115,0,40
15,680,117,0,82
15,689,118,0,57
15,691,117,0,55
15,701,116,0,12
15,706,116,0,79
15,708,117,0,55
15,712,117,0,67
15,716,120,0,83
15,717,116,0,59
15,728,120,0,36
15,730,120,0,50
15,733,118,0,28
15,735,118,0,82
15,737,114,0,49
15,747,114,0,35
15,750,117,0,87
15,751,117,0,72
15,758,119,0,59
15,769,120,0,82
15,773,114,0,73
15,781,120,0,100
15,784,118,0,83
15,788,118,0,56
15,799,115,0,90
15,812,119,0,17
15,820,118,0,82
15,834,114,0,60
15,847,118,0,60
15,868,114,0,80
15,869,115,0,40
15,875,115,0,98
15,883,120,0,95
15,887,119,0,86
15,896,115,0,77
15,903,117,0,77
15,916,120,0,78
15,924,119,0,6
15,925,116,0,19
15,926,119,0,72
15,935,118,0,14
15,940,115,0,69
15,946,114,0,55
15,947,114,0,75
15,950,119,0,63
15,951,115,0,43
15,958,118,0,60
15,963,115,0,1
15,965,115,0,7
15,968,116,0,58
15,979,116,0,95
15,982,116,0,8
15,995,120,0,83
15,996,117,0,78
15,998,115,0,56
16,1,225,0,18
16,4,226,0,90
16,8,224,0,59
16,10,225,0,84
16,14,226,0,30
16,15,230,0,98
16,35,230,0,71
16,39,229,0,57
16,47,227,0,67
16,48,225,0,80
16,49,226,0,95
16,52,225,0,67
16,56,226,0,61
16,67,229,0,13
16,68,230,0,3
16,70,227,0,61
16,83,227,0,12
16,92,227,0,67
16,94,227,0,34
16,100,230,0,62
16,107,224,0,71
16,110,225,0,78
16,121,225,0,78
16,124,227,0,76
16,129,229,0,5
16,133,230,0,78
16,138,224,0,15
16,146,228,0,88
16,149,230,0,60
16,150,227,0,72
16,151,228,0,53
16,158,230,0,69
16,163,224,0,69
16,175,226,0,90
16,176,226,0,55
16,182,227,0,2
16,186,227,0,82
16,192,226,0,61
16,197,227,0,30
16,200,229,0,30
16,201,230,0,75
16,202,228,0,46
16,203,226,0,68
16,220,224,0,79
16,222,228,0,12
16,251,225,0,66
16,254,229,0,73
16,259,227,0,58
16,260,228,0,58
16,262,226,0,37
16,271,230,0,42
16,276,228,0,40
16,278,230,0,28
16,292,227,0,28
16,297,227,0,57
16,308,226,0,71
16,310,230,0,66
16,326,227,0,49
16,329,229,0,64
16,333,230,0,82
16,342,226,0,50
16,343,225,0,79
16,349,224,0,76
16,351,226,0,82
16,357,228,0,37
16,367,228,0,48
16,371,227,0,99
16,373,226,0,20
16,375,228,0,78
16,399,226,0,81
16,422,226,0,49
16,430,230,0,61
16,441,227,0,97
16,460,226,0,79
16,463,225,0,47
16,475,225,0,78
16,483,224,0,82
16,492,227,0,75
16,499,226,0,2
16,501,230,0,58
16,508,226,0,66
16,524,227,0,56
16,534,230,0,28
16,540,224,0,30
16,553,225,0,87
16,561,230,0,56
16,568,224,0,92
16,577,228,0,72
16,587,224,0,7
16,604,228,0,66
16,606,225,0,81
16,607,227,0,83
16,608,224,0,58
16,609,228,0,71
16,612,224,0,1
16,613,225,0,49
16,624,227,0,100
16,649,228,0,63
16,650,229,0,59
16,653,226,0,6
16,675,230,0,32
16,680,226,0,83
16,689,226,0,60
16,691,227,0,65
16,701,224,0,33
16,706,229,0,84
16,712,224,0,75
16,716,226,0,80
16,717,225,0,76
16,728,228,0,2
16,730,228,0,42
16,733,228,0,8
16,735,228,0,93
16,737,229,0,45
16,747,229,0,38
16,750,227,0,84
16,751,225,0,55
16,758,225,0,75
16,769,229,0,81
16,773,230,0,60
16,781,227,0,77
16,784,228,0,67
16,788,226,0,69
16,799,228,0,96
16,812,225,0,3
16,820,226,0,71
16,834,230,0,75
16,847,224,0,78
16,868,226,0,82
16,869,229,0,29
16,875,230,0,81
16,883,228,0,81
16,887,228,0,98
16,896,229,0,63
16,903,227,0,76
16,916,228,0,93
16,924,229,0,5
16,925,224,0,44
16,926,229,0,79
16,935,229,0,9
16,940,226,0,80
16,946,227,0,76
16,947,229,0,77
16,950,229,0,61
16,951,228,0,16
16,958,229,0,75
16,963,227,0,7
16,965,230,0,43
16,968,225,0,74
16,979,226,0,99
16,982,228,0,11
16,995,226,0,80
16,996,228,0,60
16,998,225,0,59
17,9,26,0,43
17,11,26,0,44
17,14,28,0,48
17,21,25,0,69
17,23,29,0,66
17,28,27,0,58
17,33,30,0,79
17,52,27,0,52
17,61,30,0,77
17,73,30,0,80
17,78,24,0,91
17,99,24,0,10
17,106,29,0,38
17,113,29,0,73
17,118,24,0,44
17,119,28,0,71
17,126,28,0,83
17,134,26,0,40
17,135,26,0,68
17,143,28,0,79
17,147,25,0,66
17,154,30,0,57
17,157,29,0,81
17,161,26,0,93
17,168,26,0,61
17,171,25,0,80
17,174,25,0,77
17,180,28,0,27
17,184,24,0,67
17,187,25,0,12
17,196,26,0,79
17,212,26,0,55
17,216,26,0,62
17,229,30,0,74
17,259,26,0,63
17,267,26,0,12
17,268,28,0,68
17,277,24,0,79
17,283,25,0,80
17,285,24,0,79
17,289,29,0,41
17,303,30,0,66
17,312,24,0,77
17,315,29,0,43
17,316,29,0,69
17,322,24,0,75
17,326,26,0,65
17,332,27,0,61
17,350,30,0,51
17,356,25,0,60
17,358,29,0,2
17,361,26,0,80
17,368,25,0,25
17,377,26,0,58
17,378,26,0,50
17,382,28,0,54
17,386,29,0,76
17,388,26,0,0
17,395,27,0,95
17,397,27,0,47
17,401,28,0,76
17,405,30,0,70
17,410,27,0,74
17,421,29,0,64
17,426,25,0,68
17,428,24,0,77
17,440,30,0,15
17,443,28,0,66
17,451,27,0,50
17,466,26,0,57
17,467,28,0,19
17,470,24,0,70
17,472,29,0,74
17,474,28,0,58
17,481,30,0,82
17,484,27,0,58
17,496,30,0,71
17,497,25,0,55
17,520,25,0,86
17,532,25,0,31
17,533,29,0,16
17,537,26,0,76
17,545,27,0,82
17,554,24,0,46
17,563,26,0,73
17,564,29,0,20
17,573,27,0,51
17,575,30,0,71
17,591,29,0,95
17,593,29,0,82
17,607,24,0,65
17,608,30,0,19
17,615,29,0,75
17,623,24,0,69
17,628,24,0,15
17,631,26,0,99
17,635,27,0,55
17,638,28,0,72
17,651,24,0,96
17,652,25,0,79
17,663,27,0,33
17,672,30,0,70
17,674,28,0,74
17,678,26,0,22
17,683,26,0,87
17,692,26,0,27
17,703,25,0,56
17,710,27,0,60
17,718,26,0,58
17,725,25,0,54
17,727,25,0,62
17,739,27,0,75
17,750,24,0,57
17,755,28,0,7
17,759,28,0,75
17,763,29,0,72
17,775,27,0,27
17,779,28,0,52
17,801,29,0,75
17,813,27,0,63
17,824,30,0,63
17,839,30,0,56
17,845,29,0,8
17,855,26,0,10
17,856,30,0,37
17,867,27,0,15
17,874,24,0,56
17,879,30,0,14
17,880,28,0,37
17,908,25,0,81
17,928,30,0,51
17,945,28,0,78
17,961,28,0,81
17,963,28,0,67
17,964,26,0,80
17,965,28,0,82
17,968,29,0,68
17,974,29,0,83
17,975,26,0,79
17,996,25,0,67
18,9,71,0,11
18,11,74,0,44
18,14,72,0,12
18,21,70,0,77
18,23,74,0,76
18,28,71,0,77
18,33,70,0,72
18,52,72,0,33
18,61,69,0,82
18,73,73,0,81
18,78,71,0,78
18,99,72,0,38
18,106,69,0,8
18,113,75,0,71
18,119,70,0,74
18,126,71,0,88
18,134,72,0,12
18,135,71,0,67
18,143,69,0,71
18,147,74,0,84
18,154,72,0,65
18,157,72,0,82
18,161,74,0,85
18,168,71,0,76
18,171,72,0,76
18,174,75,0,87
18,180,75,0,29
18,184,69,0,55
18,187,72,0,53
18,196,72,0,81
18,212,75,0,55
18,216,73,0,66
18,229,69,0,73
18,259,74,0,75
18,267,73,0,32
18,268,69,0,68
18,277,74,0,55
18,283,75,0,76
18,285,73,0,69
18,289,69,0,31
18,290,73,0,50
18,303,70,0,62
18,312,69,0,92
18,315,75,0,29
18,316,72,0,56
18,322,74,0,91
18,326,75,0,82
18,332,69,0,75
18,350,70,0,5
18,356,71,0,76
18,358,74,0,14
18,361,73,0,61
18,368,73,0,9
18,377,70,0,84
18,378,73,0,21
18,382,75,0,0
18,386,72,0,73
18,388,75,0,33
18,395,72,0,85
18,397,73,0,15
18,401,72,0,77
18,405,72,0,75
18,410,73,0,63
18,421,71,0,61
18,426,71,0,58
18,428,74,0,82
18,440,73,0,38
18,443,71,0,71
18,451,72,0,45
18,466,71,0,84
18,470,70,0,69
18,472,71,0,82
18,474,75,0,79
18,481,75,0,57
18,484,69,0,67
18,496,75,0,67
18,497,71,0,72
18,520,74,0,85
18,532,69,0,16
18,533,71,0,51
18,537,70,0,58
18,545,72,0,92
18,554,73,0,39
18,563,72,0,66
18,564,71,0,10
18,573,73,0,27
18,575,69,0,66
18,591,71,0,90
18,593,69,0,61
18,607,69,0,57
18,608,75,0,11
18,615,72,0,83
18,623,73,0,72
18,628,71,0,11
18,631,71,0,97
18,635,69,0,80
18,638,70,0,56
18,651,72,0,88
18,652,69,0,71
18,663,71,0,47
18,672,75,0,78
18,674,69,0,77
18,683,69,0,97
18,692,72,0,16
18,703,73,0,65
18,710,74,0,65
18,718,71,0,69
18,725,71,0,49
18,727,71,0,84
18,739,72,0,75
18,750,69,0,81
18,755,70,0,41
18,759,69,0,56
18,763,71,0,58
18,775,70,0,47
18,801,75,0,79
18,813,73,0,66
18,824,75,0,71
18,839,69,0,62
18,845,70,0,37
18,855,74,0,14
18,856,73,0,54
18,867,69,0,37
18,874,70,0,84
18,879,73,0,25
18,880,70,0,44
18,908,72,0,57
18,928,71,0,25
18,945,69,0,88
18,961,74,0,88
18,963,74,0,62
18,964,70,0,63
18,965,73,0,62
18,968,74,0,64
18,974,72,0,58
18,975,74,0,86
18,996,73,0,83
19,9,114,0,17
19,11,120,0,30
19,14,115,0,30
19,21,116,0,67
19,23,116,0,57
19,28,114,0,57
19,33,115,0,75
19,52,117,0,18
19,61,116,0,78
19,73,114,0,87
19,78,114,0,93
19,99,118,0,31
19,106,119,0,29
19,113,119,0,74
19,119,120,0,72
19,126,120,0,85
19,134,120,0,47
19,135,119,0,70
19,143,115,0,71
19,147,119,0,57
19,154,115,0,73
19,157,120,0,75
19,161,117,0,76
19,168,114,0,65
19,171,120,0,84
19,174,118,0,80
19,180,114,0,12
19,184,118,0,76
19,187,116,0,6
19,196,116,0,67
19,212,115,0,55
19,216,118,0,73
19,229,114,0,77
19,259,116,0,68
19,267,118,0,34
19,268,117,0,75
19,277,116,0,58
19,283,120,0,61
19,285,114,0,77
19,290,114,0,50
19,303,117,0,57
19,312,116,0,89
19,315,115,0,21
19,316,120,0,61
19,322,117,0,87
19,326,114,0,66
19,332,119,0,81
19,350,120,0,16
19,356,115,0,80
19,358,115,0,29
19,361,116,0,82
19,368,119,0,32
19,377,114,0,57
19,378,114,0,10
19,382,120,0,27
19,386,120,0,83
19,388,115,0,30
19,395,120,0,77
19,401,118,0,56
19,405,116,0,75
19,410,118,0,71
19,421,116,0,82
19,426,116,0,77
19,428,119,0,88
19,440,114,0,52
19,443,114,0,83
19,451,115,0,39
19,466,114,0,62
19,470,115,0,67
19,472,118,0,73
19,474,120,0,56
19,481,116,0,60
19,484,118,0,63
19,496,120,0,59
19,497,115,0,84
19,520,114,0,99
19,532,118,0,35
19,533,119,0,49
19,537,120,0,74
19,545,117,0,78
19,554,115,0,53
19,563,116,0,77
19,564,119,0,8
19,573,117,0,33
19,575,117,0,74
19,591,117,0,91
19,593,116,0,82
19,607,118,0,79
19,608,115,0,2
19,615,119,0,59
19,623,118,0,60
19,628,119,0,48
19,631,117,0,98
19,635,119,0,55
19,638,115,0,73
19,651,117,0,94
19,652,120,0,69
19,663,117,0,37
19,672,114,0,72
19,674,116,0,69
19,683,120,0,93
19,692,116,0,21
19,703,116,0,70
19,710,119,0,55
19,718,118,0,76
19,725,115,0,16
19,727,116,0,59
19,739,115,0,79
19,750,120,0,75
19,755,120,0,30
19,759,120,0,81
19,763,115,0,61
19,775,116,0,47
19,801,117,0,70
19,813,115,0,65
19,824,116,0,83
19,839,118,0,81
19,845,116,0,7
19,855,114,0,51
19,856,114,0,49
19,867,118,0,20
19,874,120,0,79
19,879,114,0,10
19,880,119,0,26
19,908,118,0,68
19,928,120,0,7
19,945,118,0,86
19,961,117,0,76
19,963,117,0,56
19,964,120,0,81
19,965,116,0,74
19,968,119,0,84
19,974,119,0,74
19,975,119,0,99
19,996,116,0,72
20,9,227,0,1
20,11,229,0,31
20,14,228,0,7
20,21,228,0,64
20,23,229,0,68
20,28,225,0,69
20,33,224,0,78
20,52,227,0,41
20,61,228,0,81
20,73,225,0,98
20,78,228,0,96
20,99,229,0,36
20,106,227,0,1
20,113,226,0,75
20,119,227,0,61
20,126,225,0,85
20,134,227,0,40
20,135,225,0,81
20,143,226,0,76
20,147,230,0,82
20,154,227,0,80
20,157,230,0,70
20,161,230,0,82
20,168,228,0,74
20,171,225,0,58
20,174,226,0,97
20,180,230,0,13
20,184,229,0,63
20,187,224,0,48
20,196,230,0,64
20,212,227,0,63
20,216,226,0,82
20,229,228,0,68
20,259,230,0,83
20,267,227,0,20
20,268,230,0,76
20,277,226,0,55
20,283,224,0,68
20,285,224,0,64
20,303,228,0,62
20,312,225,0,98
20,315,224,0,44
20,316,228,0,67
20,322,230,0,83
20,326,226,0,72
20,332,226,0,73
20,350,226,0,11
20,356,227,0,75
20,358,224,0,19
20,361,228,0,62
20,368,230,0,38
20,377,224,0,64
20,378,230,0,3
20,382,228,0,31
20,386,226,0,84
20,388,228,0,18
20,395,229,0,78
20,401,227,0,61
20,405,227,0,67
20,410,227,0,75
20,421,229,0,84
20,426,230,0,76
20,428,229,0,90
20,440,227,0,30
20,443,228,0,78
20,451,228,0,16
20,466,225,0,62
20,470,229,0,77
20,472,230,0,69
20,474,227,0,60
20,481,227,0,73
20,484,224,0,67
20,496,228,0,63
20,497,229,0,56
20,520,225,0,92
20,532,228,0,49
20,533,224,0,31
20,537,224,0,77
20,545,226,0,88
20,554,224,0,17
20,563,225,0,64
20,564,226,0,49
20,573,225,0,45
20,575,225,0,79
20,591,225,0,100
20,593,229,0,64
20,607,225,0,69
20,608,229,0,40
20,615,230,0,77
20,623,225,0,55
20,628,224,0,35
20,631,228,0,76
20,635,224,0,82
20,638,224,0,84
20,651,227,0,88
20,652,226,0,73
20,663,224,0,17
20,672,226,0,83
20,674,230,0,55
20,683,228,0,100
20,692,224,0,14
20,703,224,0,58
20,710,225,0,64
20,718,224,0,67
20,725,230,0,53
20,727,228,0,76
20,739,225,0,68
20,750,228,0,59
20,755,228,0,25
20,759,229,0,81
20,763,224,0,67
20,775,225,0,7
20,801,228,0,73
20,813,229,0,77
20,824,224,0,66
20,839,230,0,81
20,845,225,0,45
20,855,226,0,46
20,856,228,0,6
20,867,230,0,9
20,874,229,0,61
20,879,228,0,54
20,880,226,0,40
20,908,224,0,59
20,928,227,0,44
20,945,228,0,92
20,961,224,0,91
20,963,225,0,69
20,964,229,0,60
20,965,227,0,73
20,968,229,0,73
20,974,225,0,57
20,975,230,0,96
20,996,225,0,58
21,3,27,0,48
21,13,27,0,37
21,17,30,0,73
21,20,24,0,35
21,26,28,0,58
21,35,29,0,65
21,37,24,0,5
21,44,26,0,67
21,47,25,0,27
21,63,27,0,56
21,70,24,0,55
21,76,29,0,61
21,111,29,0,72
21,114,26,0,69
21,127,28,0,98
21,132,24,0,39
21,138,25,0,75
21,139,24,0,37
21,145,26,0,14
21,155,25,0,87
21,156,27,0,42
21,159,27,0,75
21,166,30,0,19
21,170,24,0,57
21,178,24,0,66
21,181,28,0,77
21,189,30,0,57
21,190,28,0,76
21,191,25,0,74
21,199,29,0,60
21,204,27,0,85
21,221,29,0,54
21,227,27,0,36
21,249,30,0,58
21,263,26,0,67
21,265,29,0,46
21,281,24,0,6
21,299,29,0,91
21,306,26,0,47
21,307,24,0,36
21,311,26,0,37
21,313,26,0,43
21,345,25,0,65
21,346,30,0,98
21,348,29,0,84
21,351,26,0,34
21,353,28,0,48
21,371,29,0,34
21,383,27,0,82
21,404,28,0,38
21,408,27,0,79
21,414,24,0,3
21,417,26,0,88
21,422,25,0,56
21,434,26,0,26
21,441,29,0,65
21,447,26,0,47
21,449,30,0,58
21,455,27,0,68
21,459,27,0,41
21,468,26,0,50
21,473,27,0,3
21,477,28,0,75
21,483,27,0,79
21,488,29,0,84
21,510,28,0,69
21,518,25,0,35
21,535,26,0,62
21,536,27,0,77
21,538,26,0,41
21,541,30,0,66
21,551,26,0,41
21,560,28,0,36
21,567,27,0,73
21,578,24,0,66
21,579,26,0,15
21,586,25,0,71
21,589,26,0,66
21,590,25,0,20
21,598,25,0,36
21,610,24,0,84
21,613,24,0,79
21,621,28,0,83
21,625,29,0,29
21,660,29,0,45
21,661,27,0,83
21,662,24,0,55
21,688,29,0,2
21,690,28,0,61
21,693,27,0,27
21,696,24,0,76
21,699,24,0,14
21,701,25,0,75
21,705,25,0,78
21,715,30,0,65
21,720,27,0,33
21,721,27,0,60
21,722,24,0,57
21,723,29,0,38
21,729,24,0,62
21,748,30,0,81
21,756,24,0,9
21,764,29,0,70
21,765,30,0,11
21,766,27,0,67
21,774,25,0,69
21,776,28,0,73
21,777,25,0,100
21,782,25,0,72
21,786,26,0,100
21,791,27,0,59
21,792,25,0,83
21,802,25,0,72
21,805,27,0,58
21,807,30,0,77
21,809,28,0,67
21,815,30,0,77
21,838,30,0,72
21,840,26,0,41
21,842,27,0,12
21,859,27,0,86
21,861,27,0,62
21,862,24,0,18
21,882,25,0,92
21,921,30,0,11
21,922,27,0,82
21,930,25,0,10
21,932,25,0,51
21,937,26,0,56
21,941,25,0,45
21,943,24,0,86
21,944,27,0,58
21,948,24,0,26
21,956,28,0,67
21,966,28,0,62
21,971,24,0,50
21,978,26,0,56
22,3,74,0,17
22,13,74,0,52
22,17,70,0,83
22,20,72,0,21
22,26,70,0,73
22,35,75,0,28
22,37,74,0,49
22,44,75,0,59
22,47,72,0,0
22,63,69,0,80
22,70,70,0,65
22,76,73,0,64
22,111,73,0,62
22,114,71,0,62
22,127,71,0,92
22,132,73,0,51
22,138,73,0,63
22,139,73,0,11
22,145,74,0,36
22,155,71,0,99
22,156,74,0,37
22,159,72,0,71
22,166,69,0,32
22,170,72,0,68
22,178,69,0,72
22,181,72,0,55
22,189,69,0,64
22,190,71,0,69
22,191,72,0,65
22,199,71,0,69
22,204,70,0,90
22,221,69,0,14
22,227,69,0,48
22,249,74,0,65
22,263,69,0,82
22,265,73,0,47
22,299,71,0,85
22,306,75,0,10
22,307,70,0,32
22,311,69,0,10
22,313,73,0,7
22,345,73,0,58
22,346,75,0,98
22,348,74,0,91
22,351,70,0,32
22,353,74,0,35
22,371,70,0,54
22,383,72,0,61
22,404,71,0,47
22,408,72,0,85
22,417,69,0,82
22,422,73,0,65
22,434,70,0,16
22,441,74,0,68
22,447,71,0,19
22,449,70,0,62
22,455,74,0,81
22,459,69,0,20
22,468,70,0,4
22,473,73,0,16
22,477,69,0,59
22,483,70,0,73
22,488,69,0,64
22,510,69,0,67
22,516,74,0,38
22,518,73,0,30
22,535,71,0,57
22,536,74,0,84
22,541,72,0,69
22,551,71,0,54
22,560,70,0,3
22,567,70,0,69
22,578,72,0,77
22,579,73,0,29
22,586,72,0,59
22,589,73,0,61
22,590,72,0,38
22,598,73,0,14
22,610,70,0,84
22,613,71,0,82
22,621,74,0,60
22,625,73,0,26
22,660,71,0,27
22,661,70,0,63
22,662,75,0,70
22,690,75,0,65
22,693,71,0,9
22,696,70,0,64
22,699,75,0,15
22,701,72,0,66
22,705,74,0,79
22,715,75,0,73
22,720,72,0,3
22,721,72,0,56
22,722,74,0,70
22,723,74,0,48
22,729,74,0,82
22,748,70,0,58
22,756,69,0,22
22,764,69,0,77
22,765,72,0,51
22,766,70,0,59
22,774,73,0,70
22,776,73,0,66
22,777,70,0,91
22,782,74,0,78
22,786,70,0,81
22,791,70,0,63
22,792,72,0,80
22,802,69,0,66
22,805,71,0,66
22,807,71,0,75
22,809,71,0,77
22,815,69,0,83
22,838,75,0,84
22,840,71,0,9
22,842,74,0,37
22,859,69,0,89
22,861,71,0,63
22,862,75,0,22
22,882,69,0,94
22,921,71,0,24
22,922,69,0,69
22,930,75,0,35
22,932,75,0,19
22,937,72,0,76
22,941,73,0,25
22,943,73,0,79
22,944,75,0,65
22,948,70,0,27
22,956,73,0,69
22,966,70,0,75
22,971,70,0,15
22,978,69,0,59
23,3,120,0,52
23,13,119,0,47
23,17,118,0,82
23,20,115,0,35
23,26,114,0,81
23,37,117,0,7
23,44,120,0,55
23,47,117,0,46
23,63,114,0,66
23,70,118,0,77
23,76,115,0,84
23,111,116,0,69
23,114,115,0,63
23,127,114,0,76
23,132,118,0,46
23,138,118,0,61
23,139,116,0,20
23,145,120,0,54
23,155,118,0,85
23,156,120,0,9
23,159,115,0,55
23,166,115,0,36
23,170,120,0,62
23,178,119,0,61
23,181,114,0,61
23,189,115,0,63
23,190,114,0,58
23,191,117,0,61
23,199,116,0,72
23,204,120,0,85
23,221,116,0,13
23,227,116,0,13
23,249,118,0,71
23,263,118,0,79
23,265,119,0,45
23,281,119,0,4
23,299,117,0,80
23,307,118,0,41
23,311,115,0,31
23,313,115,0,9
23,345,116,0,61
23,346,114,0,76
23,348,116,0,91
23,351,114,0,20
23,353,116,0,8
23,371,116,0,46
23,383,120,0,71
23,404,115,0,29
23,408,120,0,81
23,414,120,0,4
23,417,119,0,82
23,422,120,0,55
23,434,114,0,29
23,441,116,0,57
23,447,115,0,7
23,449,116,0,61
23,455,119,0,69
23,459,119,0,26
23,468,116,0,9
23,473,116,0,26
23,477,114,0,58
23,483,120,0,67
23,488,114,0,75
23,510,119,0,55
23,518,115,0,14
23,535,117,0,63
23,536,115,0,59
23,541,114,0,83
23,551,114,0,33
23,560,114,0,54
23,567,120,0,75
23,578,117,0,72
23,579,117,0,1
23,586,120,0,81
23,589,117,0,79
23,590,115,0,44
23,598,118,0,36
23,610,118,0,82
23,613,120,0,78
23,621,118,0,73
23,625,117,0,7
23,660,119,0,49
23,661,116,0,63
23,662,120,0,75
23,690,115,0,60
23,693,114,0,13
23,696,115,0,77
23,699,119,0,3
23,701,117,0,55
23,705,120,0,96
23,715,116,0,64
23,720,120,0,49
23,721,117,0,73
23,722,114,0,70
23,723,120,0,8
23,729,119,0,61
23,748,120,0,62
23,756,115,0,11
23,764,114,0,66
23,765,117,0,1
23,766,115,0,81
23,774,116,0,61
23,776,119,0,80
23,777,116,0,87
23,782,120,0,58
23,786,118,0,91
23,791,114,0,84
23,792,118,0,71
23,802,119,0,81
23,805,115,0,56
23,807,116,0,58
23,809,115,0,83
23,815,115,0,85
23,838,118,0,67
23,840,119,0,3
23,842,118,0,33
23,859,116,0,96
23,861,117,0,63
23,862,114,0,20
23,878,116,0,66
23,882,117,0,95
23,921,119,0,13
23,922,120,0,73
23,930,115,0,16
23,932,119,0,38
23,937,119,0,58
23,941,120,0,34
23,943,120,0,87
23,944,114,0,69
23,948,114,0,14
23,956,117,0,65
23,966,120,0,64
23,971,120,0,6
23,978,116,0,61
24,3,226,0,25
24,13,227,0,54
24,17,225,0,79
24,20,227,0,33
24,26,227,0,68
24,37,224,0,46
24,44,228,0,74
24,47,227,0,42
24,63,229,0,81
24,70,225,0,63
24,76,229,0,77
24,111,228,0,55
24,114,229,0,84
24,127,224,0,79
24,132,224,0,43
24,138,230,0,55
24,139,226,0,52
24,145,228,0,27
24,155,229,0,81
24,156,229,0,15
24,159,228,0,80
24,166,224,0,38
24,170,229,0,58
24,178,230,0,79
24,181,226,0,71
24,189,228,0,67
24,190,226,0,80
24,191,226,0,63
24,199,230,0,77
24,204,224,0,76
24,221,227,0,42
24,227,224,0,35
24,249,226,0,63
24,263,230,0,59
24,265,229,0,7
24,299,230,0,81
24,307,229,0,31
24,311,224,0,10
24,313,228,0,24
24,345,229,0,67
24,346,227,0,94
24,348,229,0,77
24,351,227,0,36
24,353,226,0,4
24,371,227,0,27
24,383,228,0,62
24,408,224,0,90
24,417,230,0,92
24,422,230,0,80
24,434,227,0,7
24,441,229,0,75
24,447,226,0,23
24,449,224,0,80
24,455,229,0,68
24,459,225,0,28
24,468,224,0,2
24,473,228,0,35
24,477,229,0,81
24,483,224,0,66
24,488,229,0,60
24,510,230,0,78
24,518,225,0,17
24,535,224,0,83
24,536,229,0,61
24,541,229,0,63
24,551,225,0,39
24,560,230,0,30
24,567,225,0,74
24,578,224,0,56
24,579,225,0,24
24,586,226,0,58
24,589,230,0,81
24,590,226,0,3
24,598,230,0,34
24,610,224,0,76
24,613,228,0,94
24,621,224,0,66
24,625,227,0,51
24,660,226,0,20
24,661,228,0,69
24,662,226,0,71
24,690,228,0,78
24,693,227,0,30
24,696,225,0,74
24,699,226,0,17
24,701,228,0,70
24,705,225,0,83
24,715,228,0,61
24,720,228,0,36
24,721,227,0,64
24,722,225,0,66
24,723,228,0,2
24,729,228,0,81
24,748,229,0,62
24,756,229,0,44
24,764,224,0,77
24,765,229,0,9
24,766,224,0,66
24,774,228,0,80
24,776,228,0,64
24,777,226,0,81
24,782,226,0,58
24,786,225,0,82
24,791,227,0,67
24,792,225,0,57
24,802,228,0,76
24,805,227,0,65
24,807,229,0,69
24,809,230,0,69
24,815,224,0,76
24,838,226,0,80
24,840,230,0,47
24,842,229,0,50
24,859,227,0,89
24,861,228,0,56
24,862,229,0,54
24,882,226,0,96
24,921,229,0,4
24,922,227,0,83
24,930,229,0,0
24,932,225,0,19
24,937,227,0,74
24,941,228,0,45
24,943,229,0,100
24,944,230,0,72
24,948,229,0,11
24,956,226,0,78
24,966,225,0,73
24,971,230,0,45
24,978,224,0,62
25,2,28,0,13
25,31,27,0,78
25,36,24,0,60
25,38,27,0,75
25,51,28,0,76
25,74,28,0,98
25,79,26,0,40
25,84,24,0,31
25,90,25,0,83
25,95,29,0,36
25,97,28,0,61
25,114,24,0,10
25,127,26,0,67
25,144,28,0,67
25,145,27,0,28
25,152,24,0,35
25,163,28,0,2
25,179,26,0,28
25,198,25,0,30
25,205,30,0,78
25,226,29,0,4
25,230,27,0,100
25,231,29,0,59
25,243,27,0,83
25,245,30,0,62
25,247,25,0,5
25,250,28,0,65
25,255,24,0,82
25,258,26,0,65
25,261,26,0,25
25,264,24,0,82
25,273,30,0,37
25,281,28,0,61
25,306,28,0,42
25,323,26,0,86
25,335,28,0,24
25,336,25,0,100
25,339,29,0,55
25,343,26,0,13
25,344,26,0,78
25,356,24,0,33
25,365,28,0,77
25,369,27,0,42
25,393,27,0,92
25,395,29,0,62
25,398,28,0,91
25,407,24,0,13
25,418,28,0,69
25,419,24,0,80
25,432,27,0,83
25,448,25,0,96
25,457,28,0,22
25,461,27,0,60
25,465,25,0,28
25,480,26,0,100
25,486,25,0,74
25,487,25,0,79
25,499,30,0,62
25,501,25,0,66
25,506,25,0,76
25,520,29,0,88
25,525,25,0,18
25,530,27,0,72
25,539,26,0,53
25,546,24,0,80
25,547,30,0,80
25,567,25,0,60
25,574,27,0,56
25,584,24,0,0
25,585,30,0,90
25,598,29,0,37
25,601,25,0,76
25,605,24,0,77
25,617,28,0,62
25,619,30,0,3
25,627,26,0,96
25,639,24,0,24
25,642,25,0,68
25,646,30,0,69
25,647,28,0,86
25,650,24,0,44
25,654,25,0,77
25,655,25,0,92
25,666,25,0,18
25,669,24,0,25
25,672,26,0,80
25,674,29,0,35
25,677,24,0,13
25,687,27,0,77
25,691,25,0,68
25,695,28,0,82
25,707,29,0,86
25,709,24,0,58
25,724,27,0,67
25,731,27,0,44
25,732,26,0,97
25,736,24,0,77
25,739,29,0,77
25,744,29,0,95
25,763,26,0,49
25,772,28,0,5
25,785,24,0,53
25,789,27,0,52
25,793,30,0,64
25,814,27,0,88
25,821,28,0,61
25,827,30,0,71
25,831,25,0,83
25,849,26,0,77
25,851,28,0,47
25,854,24,0,59
25,856,27,0,91
25,868,26,0,0
25,872,26,0,71
25,881,24,0,12
25,887,27,0,31
25,891,24,0,75
25,907,27,0,62
25,911,24,0,56
25,912,26,0,64
25,913,30,0,70
25,917,30,0,73
25,918,27,0,67
25,919,30,0,6
25,929,25,0,1
25,930,30,0,59
25,933,30,0,88
25,937,27,0,66
25,956,25,0,66
25,961,26,0,20
25,966,29,0,100
25,971,30,0,52
25,973,24,0,22
25,976,24,0,76
25,981,29,0,78
25,982,29,0,75
25,989,24,0,61
25,991,24,0,78
25,997,24,0,80
26,2,71,0,13
26,31,69,0,79
26,36,74,0,56
26,38,73,0,69
26,51,73,0,84
26,74,70,0,89
26,79,73,0,13
26,84,70,0,16
26,90,70,0,94
26,95,72,0,16
26,97,73,0,62
26,114,69,0,38
26,127,72,0,80
26,144,74,0,70
26,145,69,0,18
26,152,71,0,2
26,163,71,0,34
26,179,73,0,34
26,186,72,0,15
26,198,75,0,24
26,205,75,0,84
26,226,70,0,42
26,230,71,0,83
26,231,74,0,58
26,243,70,0,83
26,245,71,0,79
26,247,69,0,35
26,250,71,0,59
26,255,71,0,72
26,258,74,0,59
26,261,69,0,18
26,264,69,0,57
26,273,74,0,53
26,281,70,0,60
26,306,70,0,36
26,323,69,0,75
26,335,72,0,7
26,336,75,0,99
26,343,72,0,52
26,344,72,0,60
26,356,73,0,13
26,365,71,0,56
26,393,71,0,78
26,395,70,0,61
26,398,75,0,77
26,407,72,0,13
26,418,71,0,65
26,419,73,0,68
26,432,73,0,62
26,448,73,0,81
26,457,69,0,6
26,461,71,0,17
26,465,71,0,32
26,480,69,0,78
26,486,73,0,83
26,487,75,0,72
26,499,70,0,68
26,501,71,0,73
26,506,71,0,60
26,520,74,0,92
26,525,71,0,46
26,530,73,0,77
26,539,73,0,6
26,546,70,0,93
26,547,75,0,91
26,567,71,0,65
26,574,69,0,56
26,585,72,0,98
26,590,72,0,9
26,598,70,0,6
26,601,71,0,67
26,603,74,0,41
26,605,71,0,75
26,617,72,0,65
26,627,74,0,85
26,639,69,0,14
26,642,71,0,69
26,646,70,0,79
26,647,75,0,85
26,650,74,0,14
26,654,73,0,58
26,655,74,0,80
26,666,73,0,20
26,669,69,0,40
26,672,74,0,77
26,674,69,0,17
26,677,70,0,24
26,687,73,0,72
26,691,74,0,16
26,695,73,0,72
26,707,69,0,92
26,709,71,0,57
26,724,73,0,68
26,731,74,0,35
26,732,70,0,79
26,736,72,0,79
26,739,69,0,79
26,744,71,0,86
26,763,71,0,52
26,772,73,0,27
26,785,75,0,53
26,789,73,0,2
26,793,69,0,72
26,814,74,0,97
26,821,69,0,72
26,827,71,0,70
26,831,73,0,86
26,849,70,0,78
26,851,73,0,2
26,854,73,0,83
26,856,73,0,83
26,868,75,0,50
26,872,71,0,58
26,881,74,0,10
26,887,72,0,3
26,891,75,0,74
26,907,74,0,79
26,911,69,0,65
26,912,73,0,56
26,913,69,0,83
26,917,72,0,74
26,918,69,0,79
26,919,70,0,36
26,929,71,0,26
26,930,69,0,69
26,933,73,0,91
26,937,73,0,72
26,956,70,0,80
26,966,74,0,96
26,971,70,0,16
26,976,74,0,64
26,981,72,0,81
26,982,73,0,60
26,989,72,0,57
26,991,73,0,70
26,997,72,0,70
27,2,116,0,51
27,31,117,0,58
27,36,116,0,61
27,38,114,0,70
27,51,118,0,93
27,74,120,0,75
27,79,119,0,36
27,84,118,0,16
27,90,120,0,75
27,95,120,0,11
27,97,118,0,67
27,114,114,0,12
27,115,114,0,25
27,127,115,0,76
27,144,118,0,64
27,145,119,0,34
27,152,116,0,6
27,163,116,0,7
27,179,117,0,43
27,198,119,0,27
27,205,114,0,57
27,226,114,0,7
27,230,118,0,95
27,231,118,0,71
27,243,119,0,78
27,245,116,0,67
27,247,117,0,43
27,250,120,0,66
27,255,120,0,80
27,258,119,0,66
27,261,114,0,30
27,264,119,0,74
27,273,120,0,28
27,281,117,0,68
27,306,118,0,3
27,323,116,0,80
27,335,120,0,23
27,336,117,0,87
27,343,118,0,16
27,344,114,0,81
27,356,116,0,32
27,365,115,0,71
27,393,118,0,99
27,395,118,0,81
27,398,117,0,88
27,407,115,0,14
27,418,115,0,74
27,419,117,0,56
27,432,116,0,67
27,448,118,0,97
27,457,120,0,21
27,461,115,0,16
27,465,118,0,42
27,480,116,0,90
27,486,119,0,55
27,487,118,0,56
27,499,118,0,68
27,501,116,0,77
27,506,114,0,78
27,520,114,0,83
27,525,118,0,39
27,530,115,0,69
27,539,120,0,33
27,546,120,0,77
27,547,119,0,97
27,567,120,0,68
27,574,114,0,56
27,585,115,0,93
27,598,119,0,40
27,601,118,0,63
27,605,115,0,81
27,617,115,0,78
27,627,116,0,76
27,639,120,0,40
27,642,120,0,73
27,646,117,0,56
27,647,115,0,93
27,650,115,0,21
27,654,120,0,74
27,655,115,0,87
27,666,115,0,1
27,669,120,0,45
27,672,119,0,89
27,674,115,0,40
27,677,114,0,39
27,687,120,0,63
27,695,117,0,65
27,707,116,0,81
27,709,117,0,61
27,724,119,0,66
27,731,118,0,26
27,732,117,0,91
27,736,119,0,83
27,739,120,0,57
27,744,117,0,79
27,763,114,0,47
27,772,118,0,20
27,785,119,0,15
27,789,117,0,46
27,793,115,0,72
27,814,116,0,79
27,821,117,0,55
27,827,118,0,83
27,831,119,0,85
27,849,115,0,84
27,851,116,0,18
27,854,117,0,57
27,856,114,0,100
27,868,117,0,29
27,869,120,0,58
27,872,115,0,76
27,881,116,0,32
27,887,114,0,52
27,891,115,0,77
27,907,114,0,69
27,911,119,0,62
27,912,116,0,68
27,913,116,0,70
27,917,119,0,77
27,918,114,0,69
27,919,117,0,3
27,929,119,0,41
27,930,117,0,58
27,933,115,0,80
27,937,118,0,77
27,956,119,0,69
27,966,118,0,75
27,971,116,0,0
27,976,119,0,62
27,981,118,0,76
27,982,119,0,77
27,989,119,0,74
27,991,115,0,63
27,997,119,0,74
28,2,225,0,25
28,31,224,0,79
28,36,230,0,58
28,38,229,0,84
28,51,228,0,81
28,74,226,0,85
28,79,228,0,7
28,84,225,0,23
28,90,226,0,94
28,95,224,0,51
28,97,228,0,78
28,114,228,0,38
28,127,227,0,64
28,144,224,0,63
28,145,227,0,25
28,152,225,0,23
28,163,224,0,4
28,179,226,0,35
28,198,224,0,28
28,205,230,0,81
28,226,227,0,54
28,230,226,0,99
28,231,224,0,73
28,243,229,0,83
28,245,229,0,59
28,247,230,0,53
28,250,230,0,79
28,255,227,0,76
28,258,226,0,75
28,261,224,0,22
28,264,226,0,77
28,273,230,0,51
28,281,225,0,55
28,306,227,0,49
28,323,227,0,77
28,335,229,0,13
28,336,224,0,84
28,343,229,0,14
28,344,228,0,55
28,356,226,0,33
28,365,228,0,79
28,393,228,0,95
28,395,228,0,68
28,398,228,0,86
28,407,225,0,10
28,418,228,0,75
28,419,225,0,72
28,432,225,0,64
28,448,226,0,93
28,457,226,0,46
28,465,226,0,32
28,480,226,0,76
28,486,230,0,56
28,487,226,0,65
28,499,224,0,64
28,501,224,0,76
28,506,230,0,83
28,520,229,0,88
28,525,228,0,17
28,530,224,0,61
28,539,229,0,2
28,546,224,0,96
28,547,228,0,82
28,567,229,0,70
28,574,227,0,76
28,585,224,0,79
28,598,227,0,19
28,601,229,0,67
28,605,228,0,100
28,617,229,0,63
28,627,226,0,98
28,639,226,0,20
28,642,224,0,59
28,646,230,0,61
28,647,225,0,89
28,650,224,0,4
28,654,229,0,81
28,655,229,0,98
28,666,230,0,41
28,669,225,0,26
28,672,228,0,93
28,674,227,0,37
28,677,224,0,2
28,687,228,0,78
28,695,230,0,79
28,707,228,0,89
28,709,228,0,82
28,724,228,0,77
28,731,227,0,20
28,732,224,0,76
28,736,224,0,73
28,739,227,0,64
28,744,228,0,97
28,763,224,0,49
28,772,229,0,37
28,785,228,0,19
28,789,227,0,52
28,793,226,0,62
28,814,229,0,77
28,821,225,0,76
28,827,227,0,61
28,831,227,0,86
28,849,225,0,71
28,851,228,0,53
28,854,227,0,63
28,856,224,0,95
28,868,224,0,16
28,872,224,0,64
28,881,228,0,29
28,887,229,0,25
28,891,227,0,65
28,907,226,0,76
28,911,224,0,58
28,912,230,0,66
28,913,229,0,78
28,917,225,0,64
28,918,229,0,61
28,919,226,0,31
28,929,226,0,6
28,930,224,0,73
28,933,226,0,80
28,937,230,0,62
28,956,227,0,79
28,966,224,0,96
28,971,227,0,51
28,976,227,0,79
28,981,230,0,78
28,982,226,0,59
28,989,228,0,60
28,991,226,0,66
28,997,224,0,59
29,5,29,0,17
29,19,30,0,60
29,22,24,0,85
29,50,25,0,77
29,64,25,0,28
29,67,29,0,50
29,71,25,0,4
29,80,27,0,22
29,88,24,0,61
29,89,29,0,12
29,98,29,0,84
29,104,26,0,69
29,106,28,0,75
29,109,25,0,69
29,117,26,0,83
29,119,30,0,80
29,124,28,0,17
29,128,26,0,0
29,131,27,0,81
29,136,30,0,26
29,137,26,0,63
29,139,27,0,88
29,140,27,0,75
29,147,26,0,82
29,148,28,0,77
29,153,29,0,78
29,156,24,0,19
29,161,26,0,79
29,167,24,0,76
29,171,24,0,98
29,175,25,0,66
29,188,24,0,65
29,197,25,0,75
29,203,27,0,63
29,208,27,0,82
29,214,28,0,29
29,216,24,0,95
29,218,24,0,82
29,223,27,0,80
29,234,30,0,61
29,235,27,0,66
29,238,29,0,49
29,241,24,0,46
29,263,27,0,82
29,268,28,0,77
29,274,25,0,89
29,278,30,0,76
29,282,28,0,55
29,290,24,0,5
29,293,27,0,63
29,298,25,0,70
29,299,26,0,18
29,310,28,0,67
29,314,27,0,31
29,324,25,0,8
29,334,30,0,88
29,337,24,0,59
29,355,24,0,81
29,359,24,0,73
29,372,26,0,1
29,380,30,0,33
29,381,26,0,75
29,384,28,0,77
29,388,24,0,66
29,391,30,0,32
29,415,29,0,98
29,424,24,0,30
29,436,29,0,77
29,443,24,0,79
29,450,25,0,75
29,475,28,0,72
29,488,25,0,73
29,494,27,0,64
29,502,25,0,75
29,507,25,0,71
29,513,25,0,87
29,534,30,0,41
29,536,24,0,59
29,541,27,0,81
29,558,25,0,60
29,559,27,0,87
29,561,28,0,76
29,564,28,0,8
29,576,27,0,74
29,582,25,0,57
29,587,25,0,80
29,596,27,0,84
29,610,28,0,80
29,626,25,0,77
29,628,30,0,57
29,630,29,0,52
29,631,24,0,17
29,643,24,0,83
29,644,30,0,69
29,658,29,0,5
29,665,27,0,66
29,670,27,0,47
29,671,30,0,41
29,682,25,0,81
29,684,27,0,38
29,699,30,0,10
29,700,26,0,65
29,704,28,0,57
29,711,27,0,76
29,717,25,0,62
29,719,25,0,74
29,740,24,0,82
29,742,27,0,66
29,746,26,0,93
29,758,29,0,59
29,759,30,0,80
29,768,25,0,69
29,778,27,0,84
29,780,25,0,44
29,782,30,0,90
29,784,29,0,70
29,790,24,0,2
29,795,30,0,76
29,798,26,0,88
29,804,27,0,58
29,807,28,0,60
29,812,25,0,68
29,815,24,0,68
29,824,26,0,81
29,825,27,0,72
29,837,24,0,68
29,845,26,0,72
29,852,29,0,43
29,853,28,0,66
29,857,28,0,60
29,860,27,0,49
29,861,30,0,30
29,876,26,0,79
29,898,29,0,12
29,906,25,0,62
29,920,30,0,77
29,931,29,0,19
29,949,27,0,3
29,951,29,0,67
29,953,27,0,73
29,957,26,0,77
29,964,29,0,93
29,977,30,0,35
29,987,27,0,88
29,988,29,0,65
29,993,30,0,70
30,5,73,0,67
30,19,74,0,69
30,22,73,0,98
30,50,74,0,63
30,67,75,0,52
30,71,72,0,50
30,80,70,0,4
30,88,70,0,64
30,89,74,0,39
30,98,71,0,72
30,100,73,0,63
30,104,75,0,59
30,105,71,0,61
30,106,72,0,71
30,109,70,0,55
30,117,75,0,60
30,119,70,0,82
30,124,74,0,3
30,128,70,0,12
30,131,73,0,71
30,136,69,0,34
30,137,73,0,64
30,139,71,0,84
30,140,74,0,77
30,147,72,0,82
30,148,72,0,69
30,153,72,0,76
30,156,72,0,27
30,161,70,0,82
30,167,72,0,66
30,171,70,0,95
30,175,74,0,66
30,188,71,0,77
30,197,73,0,68
30,203,70,0,63
30,208,71,0,81
30,214,71,0,43
30,216,75,0,91
30,218,72,0,80
30,223,74,0,74
30,234,72,0,63
30,235,74,0,55
30,238,75,0,18
30,241,74,0,47
30,263,69,0,72
30,268,71,0,100
30,274,72,0,96
30,278,70,0,63
30,282,75,0,59
30,290,71,0,29
30,293,72,0,70
30,298,70,0,64
30,299,69,0,1
30,310,75,0,82
30,314,73,0,50
30,324,72,0,18
30,334,70,0,85
30,337,75,0,69
30,355,69,0,61
30,359,73,0,84
30,372,69,0,30
30,376,72,0,29
30,380,70,0,49
30,381,73,0,83
30,384,74,0,95
30,388,70,0,58
30,391,71,0,33
30,412,70,0,49
30,415,73,0,79
30,436,70,0,73
30,443,75,0,55
30,450,69,0,82
30,475,74,0,70
30,488,73,0,80
30,494,73,0,81
30,502,73,0,78
30,507,70,0,69
30,513,75,0,88
30,534,69,0,41
30,536,72,0,72
30,541,74,0,56
30,558,71,0,83
30,559,72,0,81
30,561,72,0,81
30,564,70,0,22
30,576,74,0,69
30,587,74,0,78
30,596,73,0,73
30,610,69,0,86
30,626,73,0,83
30,628,75,0,66
30,630,72,0,31
30,631,75,0,3
30,643,75,0,70
30,644,72,0,66
30,648,69,0,60
30,658,72,0,40
30,665,70,0,56
30,670,72,0,30
30,671,70,0,44
30,682,75,0,92
30,684,70,0,46
30,699,73,0,31
30,700,73,0,78
30,704,75,0,64
30,711,71,0,71
30,717,73,0,55
30,719,75,0,59
30,740,69,0,61
30,742,73,0,56
30,746,74,0,94
30,757,71,0,4
30,758,73,0,77
30,759,71,0,79
30,768,70,0,69
30,778,72,0,90
30,780,75,0,13
30,782,71,0,91
30,784,74,0,70
30,790,74,0,8
30,795,69,0,65
30,798,71,0,77
30,804,70,0,73
30,807,70,0,60
30,810,74,0,5
30,812,74,0,76
30,815,74,0,73
30,824,72,0,91
30,825,75,0,55
30,837,72,0,67
30,845,74,0,59
30,852,69,0,29
30,853,69,0,77
30,857,72,0,72
30,860,71,0,25
30,861,75,0,12
30,876,72,0,82
30,898,73,0,22
30,906,72,0,65
30,920,69,0,83
30,931,71,0,44
30,949,73,0,4
30,951,75,0,65
30,953,74,0,57
30,957,71,0,81
30,964,72,0,99
30,977,74,0,26
30,987,75,0,96
30,988,74,0,78
30,993,70,0,73
31,19,114,0,61
31,22,118,0,96
31,50,115,0,68
31,67,115,0,47
31,71,120,0,28
31,80,119,0,51
31,88,118,0,63
31,89,116,0,5
31,98,116,0,68
31,104,120,0,71
31,106,120,0,79
31,109,119,0,82
31,117,120,0,60
31,119,115,0,57
31,124,114,0,4
31,128,120,0,22
31,131,115,0,55
31,136,117,0,52
31,137,117,0,80
31,139,118,0,90
31,140,120,0,68
31,147,119,0,58
31,148,114,0,65
31,153,120,0,58
31,156,120,0,25
31,161,118,0,71
31,167,116,0,64
31,171,120,0,81
31,175,119,0,62
31,188,117,0,63
31,197,119,0,66
31,203,116,0,65
31,208,118,0,86
31,214,117,0,52
31,216,115,0,87
31,218,119,0,75
31,223,117,0,58
31,234,120,0,62
31,235,117,0,82
31,238,117,0,37
31,241,117,0,35
31,263,117,0,65
31,268,115,0,83
31,274,116,0,78
31,278,115,0,60
31,282,120,0,67
31,290,114,0,2
31,293,120,0,61
31,298,119,0,65
31,310,115,0,59
31,314,116,0,45
31,324,114,0,12
31,334,114,0,89
31,337,115,0,57
31,355,118,0,63
31,359,116,0,84
31,372,115,0,12
31,376,115,0,28
31,380,118,0,6
31,381,114,0,83
31,384,117,0,97
31,388,115,0,64
31,391,117,0,44
31,415,114,0,84
31,436,118,0,59
31,443,117,0,76
31,450,115,0,96
31,475,116,0,56
31,488,119,0,65
31,494,114,0,82
31,502,114,0,67
31,507,117,0,64
31,513,118,0,78
31,534,115,0,31
31,536,117,0,74
31,541,120,0,60
31,558,116,0,82
31,559,119,0,81
31,561,115,0,68
31,576,116,0,84
31,582,118,0,14
31,587,115,0,63
31,596,120,0,77
31,610,116,0,88
31,626,119,0,77
31,628,120,0,63
31,630,120,0,12
31,631,116,0,50
31,643,120,0,63
31,648,119,0,39
31,658,114,0,35
31,665,114,0,76
31,670,114,0,0
31,671,117,0,51
31,676,114,0,55
31,682,119,0,77
31,684,116,0,53
31,699,120,0,30
31,700,117,0,65
31,704,118,0,80
31,711,116,0,77
31,717,119,0,70
31,719,117,0,68
31,740,119,0,74
31,742,116,0,70
31,746,120,0,82
31,758,114,0,61
31,759,117,0,83
31,768,117,0,63
31,778,119,0,82
31,780,114,0,14
31,782,115,0,92
31,784,120,0,59
31,790,116,0,44
31,795,118,0,79
31,798,117,0,85
31,804,119,0,57
31,807,115,0,77
31,812,116,0,69
31,815,117,0,61
31,824,120,0,79
31,825,114,0,70
31,837,120,0,81
31,845,115,0,58
31,852,118,0,17
31,853,115,0,79
31,857,114,0,78
31,860,114,0,33
31,861,115,0,15
31,876,119,0,89
31,898,116,0,37
31,906,116,0,78
31,920,117,0,75
31,931,119,0,48
31,949,120,0,47
31,951,118,0,60
31,953,120,0,60
31,957,115,0,58
31,964,117,0,88
31,987,115,0,82
31,988,116,0,56
31,993,119,0,58
32,19,227,0,74
32,22,226,0,98
32,50,229,0,57
32,67,224,0,27
32,71,230,0,35
32,80,228,0,21
32,88,224,0,83
32,89,227,0,9
32,98,229,0,76
32,104,226,0,70
32,106,230,0,81
32,109,228,0,78
32,117,229,0,71
32,119,228,0,73
32,124,226,0,50
32,128,224,0,33
32,131,228,0,71
32,136,224,0,9
32,137,226,0,84
32,139,225,0,95
32,140,230,0,56
32,147,229,0,56
32,148,224,0,66
32,153,230,0,75
32,156,225,0,19
32,161,225,0,72
32,167,227,0,67
32,171,230,0,86
32,175,230,0,56
32,188,224,0,58
32,197,230,0,74
32,203,224,0,74
32,208,226,0,77
32,214,226,0,49
32,216,224,0,84
32,218,224,0,94
32,223,230,0,79
32,234,229,0,82
32,235,229,0,66
32,238,227,0,43
32,241,230,0,31
32,263,225,0,56
32,268,226,0,78
32,274,224,0,89
32,278,228,0,71
32,282,230,0,60
32,290,230,0,26
32,293,226,0,69
32,298,229,0,82
32,310,227,0,77
32,314,229,0,20
32,324,228,0,18
32,334,229,0,79
32,337,226,0,58
32,355,226,0,73
32,359,227,0,70
32,372,225,0,40
32,380,224,0,53
32,381,230,0,84
32,384,224,0,94
32,388,226,0,80
32,391,230,0,3
32,415,224,0,98
32,436,225,0,73
32,443,227,0,76
32,450,224,0,78
32,475,230,0,71
32,488,224,0,68
32,494,227,0,66
32,502,229,0,60
32,507,226,0,81
32,513,225,0,87
32,534,226,0,6
32,536,224,0,79
32,541,224,0,70
32,558,229,0,63
32,559,230,0,88
32,561,225,0,84
32,576,224,0,78
32,587,228,0,66
32,596,225,0,81
32,610,228,0,93
32,626,224,0,59
32,628,227,0,67
32,630,224,0,41
32,631,230,0,48
32,643,225,0,67
32,658,227,0,10
32,665,226,0,72
32,670,227,0,5
32,671,225,0,31
32,682,226,0,86
32,684,224,0,3
32,699,227,0,42
32,700,227,0,56
32,704,230,0,61
32,711,227,0,69
32,717,226,0,76
32,719,226,0,79
32,740,229,0,68
32,742,229,0,57
32,746,225,0,99
32,758,225,0,70
32,759,228,0,70
32,768,230,0,82
32,778,224,0,77
32,780,226,0,54
32,782,226,0,77
32,784,224,0,69
32,790,225,0,4
32,795,225,0,57
32,798,225,0,97
32,804,229,0,78
32,807,225,0,72
32,812,226,0,60
32,815,230,0,68
32,824,230,0,85
32,825,230,0,64
32,837,227,0,74
32,845,230,0,80
32,852,229,0,26
32,853,229,0,66
32,857,230,0,55
32,861,225,0,32
32,876,224,0,86
32,898,226,0,35
32,906,227,0,74
32,920,224,0,100
32,931,230,0,30
32,949,225,0,37
32,951,225,0,80
32,953,224,0,64
32,957,224,0,77
32,964,227,0,96
32,987,228,0,98
32,988,228,0,63
32,993,226,0,58
33,8,25,0,41
33,32,27,0,60
33,42,27,0,84
33,54,28,0,62
33,62,29,0,83
33,63,26,0,76
33,65,26,0,79
33,75,26,0,40
33,79,27,0,97
33,94,24,0,63
33,116,26,0,63
33,149,25,0,13
33,155,25,0,94
33,162,26,0,76
33,165,29,0,48
33,166,29,0,13
33,179,25,0,32
33,185,27,0,56
33,190,26,0,58
33,192,26,0,47
33,195,29,0,77
33,209,27,0,71
33,221,26,0,10
33,235,27,0,14
33,244,25,0,61
33,247,24,0,64
33,255,27,0,23
33,256,29,0,74
33,262,26,0,4
33,266,28,0,65
33,272,26,0,59
33,279,24,0,82
33,284,26,0,82
33,288,27,0,36
33,291,30,0,92
33,295,25,0,56
33,308,27,0,71
33,319,28,0,80
33,321,26,0,71
33,325,27,0,60
33,347,30,0,62
33,350,27,0,5
33,352,25,0,70
33,366,26,0,71
33,381,24,0,34
33,389,30,0,11
33,392,28,0,83
33,402,26,0,5
33,409,26,0,40
33,416,26,0,69
33,428,26,0,3
33,435,28,0,61
33,442,30,0,78
33,446,27,0,69
33,454,30,0,1
33,463,24,0,4
33,464,30,0,76
33,471,30,0,62
33,472,28,0,41
33,477,24,0,55
33,482,28,0,62
33,485,25,0,86
33,489,26,0,64
33,503,24,0,78
33,505,24,0,38
33,507,25,0,79
33,510,28,0,21
33,514,24,0,37
33,519,24,0,69
33,525,26,0,56
33,526,27,0,7
33,542,28,0,19
33,543,24,0,67
33,556,30,0,90
33,562,27,0,67
33,566,29,0,74
33,572,26,0,24
33,581,27,0,21
33,588,26,0,70
33,599,28,0,71
33,605,26,0,24
33,615,29,0,20
33,621,26,0,62
33,624,27,0,90
33,633,29,0,37
33,659,30,0,52
33,673,30,0,67
33,675,26,0,83
33,677,25,0,8
33,698,29,0,81
33,708,24,0,59
33,736,30,0,63
33,741,28,0,64
33,752,26,0,57
33,757,24,0,11
33,765,26,0,52
33,770,29,0,44
33,783,26,0,72
33,785,27,0,68
33,787,28,0,71
33,789,24,0,66
33,800,27,0,1
33,805,27,0,92
33,816,29,0,1
33,830,29,0,93
33,831,26,0,27
33,835,28,0,59
33,843,27,0,27
33,844,29,0,63
33,848,24,0,79
33,850,30,0,68
33,865,29,0,74
33,882,27,0,40
33,894,26,0,75
33,896,27,0,58
33,901,27,0,95
33,906,24,0,21
33,924,25,0,46
33,925,24,0,71
33,932,24,0,72
33,934,27,0,18
33,941,29,0,12
33,952,28,0,21
33,954,27,0,94
33,960,26,0,65
33,967,28,0,80
33,981,28,0,55
33,983,24,0,35
33,991,24,0,83
33,992,29,0,10
33,998,27,0,43
34,8,73,0,23
34,32,74,0,60
34,42,74,0,73
34,54,74,0,82
34,62,73,0,69
34,63,75,0,71
34,65,70,0,76
34,75,71,0,18
34,79,72,0,83
34,94,73,0,81
34,116,75,0,69
34,149,69,0,54
34,151,72,0,52
34,155,73,0,91
34,162,73,0,78
34,165,74,0,1
34,166,75,0,16
34,179,75,0,53
34,185,72,0,64
34,190,69,0,77
34,192,69,0,20
34,195,69,0,79
34,209,71,0,75
34,221,70,0,1
34,235,74,0,35
34,244,74,0,63
34,247,74,0,56
34,255,75,0,16
34,256,74,0,62
34,262,71,0,33
34,266,71,0,66
34,272,72,0,84
34,279,70,0,90
34,284,74,0,94
34,288,71,0,39
34,291,70,0,78
34,295,75,0,74
34,308,69,0,74
34,319,73,0,100
34,321,73,0,79
34,325,69,0,56
34,347,73,0,70
34,350,72,0,7
34,352,71,0,57
34,366,71,0,56
34,381,69,0,26
34,389,75,0,20
34,392,70,0,65
34,402,72,0,20
34,409,69,0,13
34,416,72,0,63
34,428,69,0,42
34,435,73,0,66
34,442,71,0,92
34,446,75,0,65
34,454,71,0,37
34,463,71,0,33
34,464,73,0,67
34,471,73,0,63
34,472,75,0,22
34,477,75,0,77
34,482,73,0,82
34,485,69,0,82
34,489,70,0,80
34,503,71,0,78
34,505,69,0,3
34,507,70,0,72
34,510,75,0,26
34,519,73,0,84
34,525,69,0,58
34,526,70,0,17
34,542,72,0,9
34,543,75,0,75
34,556,75,0,82
34,562,70,0,84
34,566,75,0,59
34,572,73,0,25
34,581,69,0,23
34,588,72,0,61
34,599,74,0,80
34,605,74,0,49
34,615,71,0,15
34,621,72,0,68
34,624,74,0,81
34,633,70,0,52
34,659,75,0,38
34,673,75,0,62
34,675,73,0,81
34,677,74,0,16
34,698,71,0,77
34,708,70,0,65
34,736,74,0,82
34,741,70,0,58
34,752,70,0,58
34,757,69,0,41
34,765,73,0,8
34,770,75,0,33
34,783,70,0,67
34,785,72,0,58
34,787,72,0,68
34,800,71,0,33
34,805,73,0,100
34,830,73,0,81
34,831,71,0,11
34,835,73,0,65
34,843,72,0,12
34,844,72,0,68
34,848,70,0,76
34,850,70,0,62
34,865,71,0,73
34,882,75,0,27
34,894,71,0,83
34,896,74,0,76
34,901,73,0,100
34,906,73,0,10
34,924,74,0,44
34,925,74,0,73
34,932,70,0,59
34,934,73,0,28
34,952,74,0,23
34,954,72,0,83
34,960,73,0,70
34,967,75,0,89
34,981,69,0,84
34,991,73,0,67
34,992,72,0,8
34,998,73,0,12
35,8,115,0,13
35,32,120,0,73
35,42,118,0,78
35,54,116,0,77
35,62,115,0,72
35,63,120,0,70
35,65,118,0,94
35,75,118,0,44
35,79,116,0,78
35,94,115,0,80
35,116,117,0,59
35,149,115,0,32
35,155,119,0,81
35,162,119,0,76
35,165,116,0,34
35,166,119,0,39
35,179,115,0,7
35,185,120,0,72
35,190,120,0,76
35,192,117,0,29
35,195,115,0,57
35,209,116,0,68
35,221,116,0,47
35,235,116,0,19
35,244,114,0,77
35,247,114,0,75
35,255,120,0,31
35,256,116,0,61
35,262,117,0,22
35,266,119,0,58
35,272,116,0,83
35,279,116,0,80
35,284,114,0,75
35,288,116,0,45
35,291,119,0,83
35,295,114,0,60
35,308,118,0,70
35,319,115,0,79
35,321,117,0,61
35,325,117,0,84
35,347,120,0,75
35,350,115,0,35
35,352,114,0,68
35,366,117,0,70
35,381,119,0,6
35,389,117,0,9
35,392,115,0,66
35,402,116,0,12
35,416,117,0,55
35,428,114,0,22
35,435,116,0,70
35,442,119,0,100
35,446,114,0,61
35,454,118,0,25
35,463,116,0,23
35,464,119,0,56
35,471,114,0,74
35,472,119,0,29
35,477,120,0,74
35,482,115,0,72
35,485,115,0,94
35,489,120,0,80
35,503,117,0,64
35,505,120,0,24
35,507,118,0,63
35,510,118,0,43
35,519,120,0,68
35,525,119,0,73
35,526,116,0,50
35,542,120,0,21
35,543,114,0,55
35,556,115,0,98
35,562,117,0,84
35,566,114,0,80
35,572,114,0,5
35,581,114,0,37
35,588,115,0,74
35,599,116,0,57
35,605,116,0,28
35,615,116,0,30
35,621,118,0,56
35,624,120,0,87
35,633,118,0,21
35,659,116,0,49
35,673,115,0,64
35,675,120,0,95
35,677,114,0,2
35,698,116,0,63
35,708,118,0,58
35,726,114,0,29
35,736,114,0,82
35,741,116,0,84
35,752,119,0,62
35,765,116,0,19
35,770,116,0,28
35,783,120,0,75
35,785,119,0,73
35,787,114,0,66
35,789,116,0,13
35,800,118,0,34
35,805,120,0,98
35,830,115,0,75
35,831,120,0,5
35,835,115,0,58
35,843,116,0,0
35,844,114,0,63
35,848,120,0,78
35,850,116,0,63
35,865,116,0,76
35,870,120,0,28
35,882,118,0,20
35,894,119,0,80
35,896,115,0,83
35,901,114,0,94
35,906,116,0,45
35,924,114,0,40
35,925,115,0,69
35,932,116,0,58
35,934,115,0,10
35,941,118,0,15
35,952,118,0,30
35,954,118,0,81
35,960,117,0,66
35,967,117,0,90
35,981,114,0,80
35,991,116,0,67
35,992,120,0,29
35,998,115,0,4
36,8,228,0,13
36,32,226,0,56
36,42,224,0,72
36,54,230,0,68
36,62,226,0,84
36,63,228,0,56
36,65,228,0,82
36,75,230,0,53
36,79,227,0,89
36,94,225,0,75
36,116,228,0,81
36,149,228,0,48
36,155,230,0,87
36,162,230,0,92
36,165,226,0,38
36,166,226,0,54
36,179,225,0,1
36,185,226,0,71
36,190,229,0,75
36,192,230,0,3
36,195,228,0,75
36,209,227,0,80
36,221,229,0,11
36,235,226,0,3
36,244,230,0,82
36,247,228,0,62
36,255,226,0,31
36,256,228,0,56
36,262,226,0,13
36,266,227,0,81
36,272,229,0,84
36,279,230,0,84
36,284,230,0,94
36,288,227,0,0
36,291,225,0,95
36,295,230,0,69
36,308,225,0,65
36,319,227,0,79
36,321,226,0,80
36,325,230,0,78
36,347,225,0,81
36,350,229,0,11
36,352,228,0,76
36,366,229,0,69
36,381,225,0,43
36,389,230,0,44
36,392,228,0,58
36,402,225,0,52
36,416,226,0,80
36,428,228,0,36
36,435,224,0,79
36,442,226,0,98
36,446,230,0,83
36,454,229,0,16
36,463,229,0,23
36,464,224,0,55
36,471,230,0,58
36,472,228,0,1
36,477,225,0,81
36,482,224,0,67
36,485,229,0,85
36,489,224,0,57
36,503,230,0,74
36,505,226,0,41
36,507,230,0,77
36,510,227,0,22
36,519,226,0,62
36,525,226,0,75
36,526,230,0,31
36,542,226,0,53
36,543,229,0,78
36,556,225,0,85
36,562,228,0,82
36,566,229,0,64
36,572,225,0,46
36,581,230,0,50
36,588,229,0,77
36,599,227,0,59
36,605,227,0,15
36,615,228,0,20
36,621,227,0,78
36,624,226,0,79
36,633,229,0,32
36,659,224,0,36
36,673,227,0,73
36,675,230,0,89
36,677,227,0,42
36,698,228,0,72
36,708,230,0,82
36,736,224,0,78
36,741,226,0,58
36,752,228,0,63
36,765,225,0,47
36,770,229,0,39
36,783,230,0,61
36,785,230,0,77
36,787,227,0,79
36,800,226,0,47
36,805,229,0,96
36,830,224,0,90
36,831,226,0,33
36,835,227,0,74
36,843,224,0,36
36,844,228,0,83
36,848,230,0,89
36,850,227,0,64
36,865,230,0,83
36,882,228,0,47
36,894,228,0,76
36,896,224,0,63
36,901,230,0,81
36,906,224,0,36
36,924,226,0,29
36,925,224,0,72
36,932,225,0,76
36,934,228,0,17
36,952,228,0,16
36,954,226,0,81
36,960,224,0,58
36,967,230,0,98
36,981,225,0,79
36,991,229,0,79
36,992,227,0,1
36,998,225,0,42
37,2,27,0,73
37,6,26,0,17
37,17,25,0,69
37,22,28,0,66
37,23,27,0,11
37,27,29,0,63
37,29,30,0,21
37,40,27,0,49
37,46,28,0,92
37,55,25,0,15
37,57,30,0,78
37,68,27,0,60
37,72,24,0,1
37,82,27,0,25
37,87,29,0,27
37,101,24,0,56
37,103,26,0,77
37,130,24,0,95
37,134,29,0,24
37,141,30,0,79
37,158,26,0,71
37,170,24,0,77
37,180,24,0,3
37,182,27,0,49
37,204,28,0,61
37,207,25,0,79
37,210,27,0,40
37,219,30,0,24
37,223,28,0,79
37,230,24,0,83
37,239,26,0,34
37,245,26,0,60
37,246,28,0,78
37,252,30,0,88
37,253,30,0,66
37,261,30,0,25
37,287,29,0,77
37,302,25,0,35
37,327,29,0,5
37,335,24,0,89
37,340,24,0,71
37,358,26,0,78
37,359,26,0,37
37,362,26,0,100
37,370,25,0,73
37,386,28,0,10
37,387,25,0,1
37,394,27,0,56
37,401,30,0,66
37,413,25,0,58
37,415,29,0,15
37,420,30,0,18
37,427,24,0,30
37,430,28,0,58
37,438,26,0,80
37,460,25,0,79
37,462,29,0,65
37,469,30,0,49
37,478,27,0,71
37,479,30,0,15
37,484,28,0,91
37,490,29,0,82
37,494,27,0,70
37,516,27,0,32
37,527,26,0,83
37,528,24,0,78
37,552,26,0,62
37,553,25,0,98
37,559,30,0,24
37,560,29,0,8
37,563,30,0,78
37,568,30,0,38
37,571,26,0,51
37,582,30,0,48
37,595,27,0,43
37,600,24,0,95
37,616,29,0,61
37,622,27,0,83
37,625,28,0,98
37,630,30,0,92
37,635,29,0,53
37,636,24,0,82
37,637,29,0,65
37,638,27,0,83
37,654,27,0,79
37,679,26,0,58
37,686,26,0,87
37,700,27,0,57
37,704,24,0,17
37,707,25,0,79
37,709,26,0,83
37,718,24,0,83
37,719,24,0,7
37,724,27,0,77
37,734,24,0,79
37,737,30,0,28
37,749,28,0,19
37,760,26,0,97
37,762,26,0,87
37,766,24,0,79
37,772,26,0,59
37,791,26,0,83
37,808,27,0,7
37,822,25,0,82
37,826,26,0,18
37,829,27,0,77
37,833,25,0,75
37,838,28,0,55
37,839,27,0,70
37,841,27,0,81
37,842,27,0,60
37,846,29,0,63
37,858,25,0,62
37,874,26,0,14
37,876,25,0,84
37,877,24,0,79
37,892,30,0,5
37,893,29,0,35
37,904,24,0,57
37,909,30,0,74
37,910,25,0,63
37,916,28,0,63
37,919,30,0,79
37,923,29,0,60
37,935,30,0,55
37,936,25,0,71
37,940,26,0,14
37,955,26,0,16
37,980,24,0,95
37,985,28,0,97
37,986,30,0,9
37,999,30,0,79
38,2,69,0,59
38,6,74,0,11
38,17,75,0,84
38,22,72,0,74
38,23,72,0,30
38,27,72,0,80
38,29,75,0,21
38,40,73,0,0
38,46,72,0,95
38,55,71,0,53
38,57,71,0,67
38,68,71,0,67
38,72,74,0,40
38,82,70,0,32
38,87,72,0,25
38,103,73,0,71
38,130,75,0,78
38,134,75,0,19
38,141,69,0,78
38,158,74,0,57
38,170,73,0,75
38,180,73,0,3
38,182,75,0,29
38,204,73,0,70
38,207,71,0,74
38,210,74,0,21
38,219,70,0,1
38,223,75,0,75
38,230,73,0,73
38,245,72,0,83
38,246,74,0,82
38,252,75,0,75
38,253,74,0,75
38,261,72,0,25
38,287,69,0,77
38,302,69,0,16
38,327,72,0,41
38,335,72,0,86
38,340,73,0,61
38,358,71,0,64
38,359,72,0,36
38,362,73,0,94
38,370,70,0,82
38,386,72,0,11
38,387,75,0,1
38,394,70,0,84
38,401,72,0,83
38,413,71,0,64
38,420,73,0,30
38,427,69,0,14
38,430,72,0,55
38,438,72,0,71
38,460,72,0,58
38,462,70,0,63
38,469,70,0,2
38,478,74,0,56
38,484,70,0,97
38,490,69,0,73
38,491,70,0,59
38,494,73,0,67
38,515,72,0,38
38,516,71,0,29
38,527,70,0,58
38,528,73,0,79
38,552,75,0,58
38,553,72,0,88
38,560,74,0,51
38,563,71,0,84
38,568,73,0,20
38,571,72,0,23
38,582,71,0,40
38,600,70,0,98
38,616,70,0,72
38,622,72,0,59
38,625,71,0,98
38,630,72,0,75
38,635,71,0,23
38,636,70,0,94
38,637,71,0,66
38,638,71,0,57
38,654,70,0,81
38,679,72,0,75
38,681,69,0,14
38,686,75,0,78
38,700,73,0,60
38,704,69,0,11
38,707,72,0,81
38,709,73,0,85
38,718,71,0,66
38,719,73,0,8
38,724,69,0,77
38,734,73,0,95
38,737,74,0,52
38,749,69,0,22
38,760,72,0,99
38,762,71,0,89
38,766,74,0,75
38,772,74,0,66
38,791,69,0,97
38,808,71,0,40
38,813,69,0,68
38,822,69,0,80
38,829,73,0,84
38,833,74,0,98
38,838,75,0,66
38,839,73,0,70
38,841,75,0,78
38,842,71,0,71
38,846,71,0,77
38,858,73,0,67
38,874,69,0,26
38,876,73,0,71
38,877,72,0,75
38,892,75,0,17
38,893,70,0,36
38,904,69,0,70
38,909,71,0,67
38,910,69,0,69
38,916,75,0,71
38,919,74,0,93
38,923,70,0,56
38,935,73,0,77
38,936,75,0,61
38,940,75,0,10
38,955,73,0,14
38,980,69,0,85
38,985,70,0,89
38,986,71,0,14
38,999,71,0,63
39,2,116,0,73
39,6,114,0,4
39,17,116,0,76
39,22,117,0,72
39,23,114,0,48
39,27,116,0,68
39,29,117,0,15
39,40,117,0,16
39,46,119,0,88
39,55,115,0,5
39,57,120,0,62
39,68,120,0,78
39,72,118,0,12
39,82,115,0,29
39,103,119,0,64
39,130,119,0,96
39,134,116,0,13
39,141,115,0,91
39,158,119,0,80
39,170,119,0,97
39,180,114,0,38
39,182,116,0,38
39,204,115,0,73
39,207,115,0,82
39,210,120,0,19
39,219,120,0,17
39,223,120,0,78
39,230,114,0,81
39,245,119,0,73
39,246,119,0,67
39,252,120,0,88
39,253,118,0,75
39,261,117,0,2
39,287,114,0,77
39,302,114,0,45
39,327,114,0,31
39,335,117,0,88
39,340,118,0,55
39,358,117,0,59
39,359,120,0,42
39,362,116,0,97
39,370,114,0,83
39,386,118,0,31
39,387,114,0,30
39,394,117,0,74
39,401,115,0,57
39,413,119,0,66
39,415,115,0,14
39,420,115,0,18
39,427,116,0,30
39,430,116,0,80
39,438,117,0,79
39,460,119,0,81
39,462,118,0,75
39,469,117,0,50
39,478,117,0,82
39,484,114,0,79
39,490,118,0,58
39,494,116,0,57
39,516,120,0,46
39,527,119,0,75
39,528,119,0,92
39,552,114,0,55
39,553,120,0,85
39,559,120,0,6
39,560,114,0,37
39,563,114,0,69
39,568,115,0,34
39,571,118,0,8
39,582,117,0,43
39,595,118,0,4
39,600,115,0,91
39,616,115,0,71
39,622,114,0,80
39,625,120,0,89
39,630,119,0,87
39,635,118,0,29
39,636,119,0,97
39,637,120,0,75
39,638,117,0,66
39,654,117,0,80
39,679,118,0,78
39,681,117,0,57
39,686,120,0,78
39,700,115,0,81
39,704,117,0,6
39,707,119,0,76
39,709,119,0,99
39,711,116,0,68
39,718,115,0,60
39,719,114,0,16
39,724,117,0,81
39,734,119,0,95
39,737,118,0,17
39,749,114,0,20
39,760,116,0,81
39,762,118,0,94
39,766,115,0,70
39,772,120,0,73
39,791,115,0,86
39,808,114,0,29
39,813,116,0,2
39,822,114,0,68
39,826,117,0,9
39,829,117,0,97
39,833,119,0,93
39,838,115,0,71
39,839,120,0,66
39,841,118,0,75
39,842,120,0,67
39,846,115,0,55
39,858,114,0,75
39,874,119,0,22
39,876,120,0,70
39,877,120,0,96
39,892,114,0,5
39,904,120,0,64
39,909,116,0,70
39,910,116,0,73
39,916,117,0,80
39,919,117,0,78
39,923,116,0,76
39,935,118,0,70
39,936,118,0,69
39,940,115,0,22
39,955,118,0,29
39,980,120,0,77
39,985,116,0,79
39,986,116,0,41
39,999,117,0,66
40,2,229,0,70
40,6,229,0,34
40,17,229,0,71
40,22,225,0,80
40,23,230,0,43
40,27,230,0,60
40,29,225,0,1
40,40,230,0,5
40,46,226,0,75
40,55,230,0,38
40,57,228,0,68
40,68,227,0,63
40,72,227,0,28
40,103,227,0,69
40,130,226,0,77
40,134,229,0,22
40,141,225,0,96
40,158,225,0,63
40,170,225,0,93
40,180,229,0,2
40,182,228,0,47
40,204,229,0,56
40,207,228,0,80
40,210,229,0,22
40,219,224,0,31
40,223,226,0,57
40,230,228,0,72
40,245,224,0,65
40,246,230,0,73
40,252,224,0,81
40,253,229,0,79
40,261,226,0,37
40,287,229,0,88
40,302,227,0,35
40,327,226,0,23
40,335,226,0,97
40,340,230,0,75
40,358,227,0,55
40,359,228,0,4
40,362,228,0,95
40,370,224,0,67
40,387,228,0,41
40,394,225,0,77
40,401,224,0,56
40,413,227,0,63
40,420,227,0,52
40,427,226,0,53
40,430,228,0,64
40,438,226,0,73
40,460,226,0,64
40,462,224,0,83
40,469,228,0,20
40,478,225,0,62
40,484,230,0,93
40,490,230,0,64
40,494,228,0,67
40,516,227,0,41
40,527,229,0,56
40,528,224,0,95
40,552,230,0,55
40,553,226,0,94
40,560,224,0,25
40,563,230,0,76
40,568,228,0,0
40,571,226,0,25
40,600,224,0,83
40,616,226,0,70
40,622,229,0,64
40,625,227,0,83
40,630,226,0,98
40,635,224,0,10
40,636,229,0,84
40,637,230,0,63
40,638,228,0,79
40,654,227,0,77
40,679,230,0,71
40,686,230,0,89
40,700,226,0,57
40,704,225,0,12
40,707,229,0,80
40,709,225,0,83
40,718,228,0,83
40,719,224,0,27
40,724,225,0,87
40,734,227,0,79
40,737,226,0,4
40,749,228,0,51
40,760,225,0,97
40,762,230,0,78
40,766,230,0,55
40,772,224,0,63
40,791,228,0,76
40,808,226,0,25
40,822,227,0,67
40,829,227,0,91
40,833,224,0,99
40,838,228,0,76
40,839,225,0,83
40,841,225,0,86
40,842,226,0,74
40,846,224,0,72
40,858,228,0,69
40,874,225,0,54
40,876,225,0,61
40,877,224,0,79
40,892,224,0,20
40,904,227,0,78
40,909,230,0,55
40,910,227,0,79
40,916,226,0,55
40,919,229,0,92
40,923,229,0,77
40,935,229,0,71
40,936,230,0,84
40,940,226,0,45
40,955,226,0,29
40,980,227,0,94
40,985,228,0,88
40,986,230,0,12
40,999,226,0,57
